investor_id,amfi_code,units_held,avg_purchase_nav,invested_amount,current_nav,as_of_date
INV00001,119551,861.487,81.15,69909.67,142.8287,2024-12-31
INV00001,118632,3405.69,13.7751,46913.72,23.73,2024-12-31
INV00001,118846,519.76,178.9354,93003.46,223.3483,2024-12-31
INV00001,119092,1172.68,285.3765,334655.31,388.387,2024-12-31
INV00001,120503,2788.62,98.5244,274747.11,163.7398,2024-12-31
INV00002,120503,4180.814,255.7916,1069417.1,436.0127,2024-12-31
INV00002,118840,4683.904,143.9032,674028.77,231.8554,2024-12-31
INV00002,119551,2978.64,23.8287,70977.12,25.2541,2024-12-31
INV00002,118841,284.393,118.018,33563.49,206.0514,2024-12-31
INV00002,118842,3826.596,156.1278,597438.01,151.3552,2024-12-31
INV00003,125497,1258.511,272.9646,343528.95,401.3147,2024-12-31
INV00004,118836,752.686,152.2078,114564.68,212.1033,2024-12-31
INV00004,118825,3643.866,74.1526,270202.14,82.259,2024-12-31
INV00004,118842,3222.153,40.2437,129671.36,45.1234,2024-12-31
INV00004,118846,2545.792,279.2187,710832.73,278.3561,2024-12-31
INV00004,125497,851.01,72.6685,61841.62,122.3904,2024-12-31
INV00005,118845,1099.829,234.8135,258254.7,397.1972,2024-12-31
INV00006,125497,1242.089,131.8162,163727.45,113.8745,2024-12-31
INV00006,120841,4369.226,65.6838,286987.37,58.9953,2024-12-31
INV00006,118839,2458.33,105.0001,258124.9,98.473,2024-12-31
INV00006,118841,2243.461,167.5038,375788.24,175.407,2024-12-31
INV00006,118846,1702.571,291.0465,495527.33,513.0035,2024-12-31
INV00007,118835,1501.561,162.4011,243855.16,184.4738,2024-12-31
INV00007,118836,1004.573,92.5628,92986.09,83.191,2024-12-31
INV00007,118845,4625.557,170.4194,788284.65,226.1584,2024-12-31
INV00007,118839,541.023,250.2463,135389.0,314.7272,2024-12-31
INV00007,120503,299.155,168.068,50278.38,207.0581,2024-12-31
INV00008,118839,1817.525,17.7789,32313.6,16.8109,2024-12-31
INV00008,118838,1855.732,219.9323,408135.41,347.6262,2024-12-31
INV00008,118835,1500.871,19.7829,29691.58,24.7978,2024-12-31
INV00008,120503,4202.333,258.3111,1085509.26,227.6647,2024-12-31
INV00008,118846,4956.92,102.1485,506341.94,106.744,2024-12-31
INV00009,118825,2217.751,157.0214,348234.37,237.0335,2024-12-31
INV00010,118842,302.472,267.7912,80999.34,448.0937,2024-12-31
INV00010,118845,2211.907,167.1341,369685.09,195.8032,2024-12-31
INV00010,120841,3359.093,285.0477,957501.73,512.8519,2024-12-31
INV00010,118844,3051.903,288.672,880998.94,403.8515,2024-12-31
INV00010,119092,3395.471,60.5385,205556.72,84.0928,2024-12-31
INV00011,119092,2173.752,252.1563,548125.26,349.8799,2024-12-31
INV00011,118841,2150.664,26.8339,57710.7,48.2199,2024-12-31
INV00012,118834,753.623,89.5818,67510.9,142.072,2024-12-31
INV00012,118835,3609.361,44.5322,160732.79,64.6537,2024-12-31
INV00012,118842,270.168,164.3428,44400.17,135.0125,2024-12-31
INV00012,118843,74.39,104.8316,7798.42,87.4511,2024-12-31
INV00012,118840,4091.131,221.9799,908148.85,315.9935,2024-12-31
INV00013,118844,3491.936,257.8778,900492.77,211.8906,2024-12-31
INV00013,118839,2324.833,141.0509,327919.79,145.4805,2024-12-31
INV00013,118632,4797.059,144.7989,694608.87,120.7775,2024-12-31
INV00013,119092,664.769,296.7339,197259.5,380.7944,2024-12-31
INV00014,118840,766.779,202.2177,155056.29,232.028,2024-12-31
INV00014,118836,3211.937,85.5246,274699.63,105.6566,2024-12-31
INV00014,118839,477.277,168.8193,80573.57,231.9748,2024-12-31
INV00015,118844,3721.42,102.5701,381706.42,105.5982,2024-12-31
INV00015,118825,384.048,157.039,60310.51,165.6354,2024-12-31
INV00016,120503,1813.986,104.8526,190201.15,94.7195,2024-12-31
INV00016,118841,396.66,95.7373,37975.16,142.8501,2024-12-31
INV00016,118632,4368.164,92.7797,405276.95,124.0141,2024-12-31
INV00016,120841,2286.677,255.67,584634.71,307.9864,2024-12-31
INV00017,119092,3830.793,46.2252,177079.17,54.7388,2024-12-31
INV00017,118846,22.149,255.8124,5665.99,317.2261,2024-12-31
INV00018,120841,4984.25,31.9345,159169.53,34.3948,2024-12-31
INV00019,118843,1154.305,265.384,306334.08,291.4623,2024-12-31
INV00019,118838,618.313,27.1103,16762.65,26.8761,2024-12-31
INV00019,118839,3200.247,70.9291,226990.64,97.4645,2024-12-31
INV00019,118632,562.177,147.9759,83188.65,225.1137,2024-12-31
INV00019,119551,730.716,135.6801,99143.62,240.6062,2024-12-31
INV00020,119092,4693.213,122.2332,573666.44,180.2541,2024-12-31
INV00020,118632,3333.362,161.4497,538170.29,225.8091,2024-12-31
INV00020,118838,1243.496,255.8024,318089.26,317.8361,2024-12-31
INV00020,118842,735.534,166.8885,122752.17,198.6213,2024-12-31
INV00020,118845,1209.383,271.3436,328158.34,398.7746,2024-12-31
INV00021,118835,381.436,245.2491,93546.84,352.2989,2024-12-31
INV00021,118843,4758.177,187.8094,893630.37,169.7547,2024-12-31
INV00022,118632,3406.305,225.5865,768416.42,363.9412,2024-12-31
INV00023,120503,3996.955,90.8094,362961.09,89.3534,2024-12-31
INV00023,118844,4309.915,44.0122,189688.84,42.2557,2024-12-31
INV00023,118836,3465.367,259.8486,900470.76,397.9519,2024-12-31
INV00024,118843,1560.203,250.1907,390348.28,211.116,2024-12-31
INV00024,125497,3308.187,277.1762,916950.7,300.0075,2024-12-31
INV00024,119092,1249.216,61.5192,76850.77,58.6798,2024-12-31
INV00024,118835,2950.863,113.9548,336265.0,183.6136,2024-12-31
INV00024,118838,1474.118,50.7887,74868.54,75.9864,2024-12-31
INV00025,118825,307.423,145.289,44665.18,257.429,2024-12-31
INV00025,125497,3207.689,246.9406,792108.65,279.1236,2024-12-31
INV00025,118845,4460.69,253.1835,1129373.11,350.3269,2024-12-31
INV00026,118835,3143.847,143.7821,452028.92,150.1184,2024-12-31
INV00026,120503,3829.416,72.0332,275845.09,99.7555,2024-12-31
INV00026,118844,1867.304,223.9655,418211.67,188.9727,2024-12-31
INV00026,118632,1092.814,118.4632,129458.24,132.3627,2024-12-31
INV00026,118839,4947.294,93.7104,463612.9,94.8718,2024-12-31
INV00027,118842,1730.825,269.0212,465628.62,216.8449,2024-12-31
INV00027,118845,3080.661,131.4824,405052.7,163.6147,2024-12-31
INV00027,118836,1842.697,128.8724,237472.78,205.4105,2024-12-31
INV00027,118632,2782.533,21.1858,58950.19,27.9715,2024-12-31
INV00028,118837,457.147,245.3073,112141.5,198.3726,2024-12-31
INV00029,118825,3999.729,37.9996,151988.1,63.7936,2024-12-31
INV00029,118836,4629.166,284.7597,1318199.92,274.6141,2024-12-31
INV00029,120503,4014.267,208.287,836119.63,331.1832,2024-12-31
INV00029,118840,3821.871,122.3137,467467.18,164.297,2024-12-31
INV00030,118838,2201.052,145.3567,319937.66,175.386,2024-12-31
INV00031,120841,2657.372,155.5074,413241.01,130.1577,2024-12-31
INV00031,118825,4571.725,214.8205,982100.25,309.5458,2024-12-31
INV00031,118841,4630.41,143.636,665093.57,164.9221,2024-12-31
INV00032,119551,4178.232,210.755,880583.29,234.5408,2024-12-31
INV00032,118834,4399.133,40.5533,178399.36,41.6729,2024-12-31
INV00033,119551,4035.759,188.2052,759550.83,203.2898,2024-12-31
INV00033,120503,3153.496,112.8457,355858.46,147.4435,2024-12-31
INV00033,119092,4561.307,53.8175,245478.14,47.5593,2024-12-31
INV00033,118844,842.463,34.3142,28908.44,61.3898,2024-12-31
INV00033,125497,389.399,22.6685,8827.09,30.3861,2024-12-31
INV00034,118846,2715.653,109.6309,297719.48,93.1095,2024-12-31
INV00035,118838,4164.486,216.1466,900139.49,360.3474,2024-12-31
INV00035,118834,131.686,219.9288,28961.54,242.2068,2024-12-31
INV00035,118837,1757.759,268.3118,471627.48,452.8114,2024-12-31
INV00035,118839,4060.18,123.7874,502599.13,148.8489,2024-12-31
INV00036,120841,2465.812,14.7437,36355.19,18.885,2024-12-31
INV00036,118632,3004.654,220.7372,663238.91,214.7761,2024-12-31
INV00036,118842,1490.199,280.5015,418003.05,298.4475,2024-12-31
INV00036,118836,3034.269,168.3257,510745.45,209.2022,2024-12-31
INV00036,118835,4452.73,175.0315,779368.01,206.2471,2024-12-31
INV00037,118841,1981.397,93.8014,185857.81,140.0443,2024-12-31
INV00038,118844,3744.749,31.1621,116694.24,28.8568,2024-12-31
INV00038,118841,3106.298,25.1689,78182.1,40.5168,2024-12-31
INV00038,119551,1231.58,260.2516,320520.67,285.4651,2024-12-31
INV00039,118841,140.648,98.2673,13821.1,116.7112,2024-12-31
INV00039,118843,3890.18,267.8871,1042129.04,306.6797,2024-12-31
INV00039,118837,2897.612,281.874,816761.48,505.3736,2024-12-31
INV00039,118834,4656.424,170.9112,795835.01,244.0772,2024-12-31
INV00040,118834,4901.238,102.4107,501939.21,180.218,2024-12-31
INV00040,120841,4647.778,294.0579,1366715.84,261.6533,2024-12-31
INV00040,118836,584.521,271.8129,158880.35,288.0822,2024-12-31
INV00040,118825,2566.013,198.6638,509773.89,178.8112,2024-12-31
INV00041,118840,1846.547,274.7196,507282.65,226.5577,2024-12-31
INV00041,118843,2143.8,129.9431,278572.02,147.2902,2024-12-31
INV00042,118845,2885.628,232.614,671237.47,279.4623,2024-12-31
INV00042,118846,4885.311,69.9158,341560.43,100.0435,2024-12-31
INV00042,118825,748.407,128.5763,96227.4,108.7809,2024-12-31
INV00042,120841,3869.087,138.7136,536694.99,165.5612,2024-12-31
INV00042,118632,4037.626,190.3167,768427.66,338.5435,2024-12-31
INV00043,118844,2822.623,260.6993,735855.84,414.4549,2024-12-31
INV00043,118632,117.311,197.6374,23185.04,265.7822,2024-12-31
INV00043,118834,3581.736,19.438,69621.78,34.0471,2024-12-31
INV00043,118843,2951.44,77.407,228462.12,94.4066,2024-12-31
INV00044,120503,3685.184,280.9256,1035262.53,498.9833,2024-12-31
INV00045,118846,114.984,101.6617,11689.47,137.8956,2024-12-31
INV00046,125497,929.347,158.5882,147383.47,228.4658,2024-12-31
INV00046,118837,1784.342,243.6559,434765.46,305.5614,2024-12-31
INV00046,118843,1471.714,161.6638,237922.88,192.271,2024-12-31
INV00046,118835,906.997,227.7029,206525.85,385.7044,2024-12-31
INV00046,120841,2380.62,157.4351,374793.15,140.5539,2024-12-31
INV00047,118845,4274.431,80.4755,343986.97,117.1777,2024-12-31
INV00047,120503,1860.433,254.3149,473135.83,328.6277,2024-12-31
INV00047,118841,2313.829,264.2862,611513.07,281.9239,2024-12-31
INV00047,120841,4656.825,226.4449,1054514.27,181.3153,2024-12-31
INV00048,125497,2090.733,291.4212,609283.92,386.9897,2024-12-31
INV00048,118846,2201.428,128.4886,282858.4,209.1267,2024-12-31
INV00048,118843,42.35,108.2776,4585.56,133.5764,2024-12-31
INV00049,118846,2358.396,161.7526,381476.68,261.9462,2024-12-31
INV00049,118840,1543.847,247.1914,381625.7,432.2719,2024-12-31
INV00050,118841,1323.138,162.7746,215373.26,209.9744,2024-12-31
INV00050,118843,3413.208,56.9232,194290.72,91.3166,2024-12-31
INV00050,118839,2629.476,267.505,703397.98,398.8845,2024-12-31
INV00050,118845,3470.895,45.3107,157268.68,63.6937,2024-12-31
INV00050,120503,1450.396,45.8716,66531.99,53.3751,2024-12-31
INV00051,118842,2186.119,127.246,278174.9,150.2,2024-12-31
INV00052,118844,693.858,150.8398,104661.4,240.0661,2024-12-31
INV00052,118845,1746.702,257.8188,450332.61,439.8506,2024-12-31
INV00053,118840,1154.663,87.895,101489.1,157.2293,2024-12-31
INV00053,118838,2977.552,182.3708,543018.54,208.8854,2024-12-31
INV00053,118843,799.905,167.0602,133632.29,279.6587,2024-12-31
INV00054,119092,4993.13,82.1088,409979.91,92.5439,2024-12-31
INV00054,118838,2562.057,278.7139,714080.9,436.4863,2024-12-31
INV00055,118835,4065.553,203.9061,828991.06,277.6684,2024-12-31
INV00055,118844,2131.871,41.5714,88624.86,37.569,2024-12-31
INV00055,118825,1430.374,115.4683,165162.85,101.8883,2024-12-31
INV00056,118846,1896.571,275.1987,521933.87,350.6738,2024-12-31
INV00056,118841,4165.981,235.2996,980253.66,342.5701,2024-12-31
INV00056,118837,4334.035,46.3109,200713.06,76.6711,2024-12-31
INV00056,118840,3368.452,187.8586,632792.68,281.6966,2024-12-31
INV00057,118839,4633.67,85.3776,395611.62,125.06,2024-12-31
INV00057,119092,1826.519,268.1171,489720.98,479.4346,2024-12-31
INV00057,118834,1492.461,260.3198,388517.15,348.7081,2024-12-31
INV00057,118844,1796.388,26.2459,47147.82,40.3966,2024-12-31
INV00057,118835,2151.192,66.1579,142318.35,116.77,2024-12-31
INV00058,118843,4201.414,162.6014,683155.8,143.5015,2024-12-31
INV00058,118836,3604.238,102.7696,370406.1,134.7034,2024-12-31
INV00058,118834,2373.331,296.118,702786.03,294.0528,2024-12-31
INV00058,118839,4110.093,271.0195,1113915.35,286.4113,2024-12-31
INV00058,118844,1973.774,278.2801,549262.03,291.6589,2024-12-31
INV00059,118632,92.125,161.2866,14858.53,133.67,2024-12-31
INV00059,118825,4323.79,65.1163,281549.21,55.4545,2024-12-31
INV00059,118842,4083.616,91.0958,372000.27,83.0922,2024-12-31
INV00060,118839,2162.823,22.5581,48789.18,26.8096,2024-12-31
INV00060,120503,844.022,216.386,182634.54,190.6041,2024-12-31
INV00061,118841,110.987,283.9324,31512.81,476.4527,2024-12-31
INV00061,118840,3989.066,271.0624,1081285.8,216.8924,2024-12-31
INV00061,118835,174.744,27.7506,4849.25,23.2438,2024-12-31
INV00061,118839,56.261,20.5503,1156.18,27.2981,2024-12-31
INV00061,118842,768.682,282.5109,217161.04,420.6747,2024-12-31
INV00062,120503,616.861,184.9558,114092.02,294.3291,2024-12-31
INV00062,119092,4165.695,171.839,715828.86,289.1898,2024-12-31
INV00063,120503,1237.341,285.8768,353727.09,439.0467,2024-12-31
INV00063,118845,4228.547,74.7828,316222.58,80.8165,2024-12-31
INV00063,118846,2010.559,108.2648,217672.77,155.3332,2024-12-31
INV00063,118836,1333.263,19.6632,26216.22,25.1437,2024-12-31
INV00063,125497,3404.381,243.2386,828076.87,351.2975,2024-12-31
INV00064,120841,4794.456,191.2073,916734.99,313.0164,2024-12-31
INV00064,118846,3918.236,17.5295,68684.72,28.4105,2024-12-31
INV00064,119551,4508.474,286.0161,1289496.15,478.2786,2024-12-31
INV00064,125497,1724.793,72.6958,125385.21,84.7133,2024-12-31
INV00064,118632,4644.013,277.8614,1290391.95,363.9042,2024-12-31
INV00065,118842,630.305,109.4023,68956.82,179.5797,2024-12-31
INV00065,120503,2407.262,100.1523,241092.83,144.1122,2024-12-31
INV00066,120841,3636.207,159.2292,578990.33,235.5383,2024-12-31
INV00066,119092,2590.775,212.7393,551159.66,377.3481,2024-12-31
INV00066,118836,1353.353,197.3174,267040.1,241.979,2024-12-31
INV00066,118837,3768.081,176.0376,663323.94,180.1612,2024-12-31
INV00067,118842,3385.725,118.9203,402631.43,212.4394,2024-12-31
INV00068,118844,4706.441,105.237,495291.73,87.2968,2024-12-31
INV00068,118632,439.268,95.6708,42025.12,160.2163,2024-12-31
INV00068,118835,79.234,91.7699,7271.3,74.9156,2024-12-31
INV00068,119092,478.54,293.7556,140573.8,423.2707,2024-12-31
INV00069,118837,3187.379,162.8903,519193.12,198.8624,2024-12-31
INV00069,118845,397.713,44.7039,17779.32,74.7129,2024-12-31
INV00069,118632,2584.043,187.1238,483535.95,211.3262,2024-12-31
INV00069,119092,188.845,131.7886,24887.62,118.2514,2024-12-31
INV00070,118846,3106.245,217.0791,674300.87,253.9983,2024-12-31
INV00071,118836,3761.947,262.7957,988623.5,272.5194,2024-12-31
INV00071,125497,78.516,97.1757,7629.85,80.5376,2024-12-31
INV00071,118838,3542.906,113.6746,402738.42,185.1216,2024-12-31
INV00071,118834,2936.991,103.9704,305360.13,151.7485,2024-12-31
INV00071,118837,4798.278,11.057,53054.56,19.8153,2024-12-31
INV00072,118845,4090.244,196.972,805663.54,314.5857,2024-12-31
INV00072,118837,4288.452,177.9494,763127.46,317.9406,2024-12-31
INV00072,118844,3448.132,133.5551,460515.61,239.0671,2024-12-31
INV00072,120841,2528.282,186.4302,471348.12,278.7272,2024-12-31
INV00072,118843,4991.588,49.6495,247829.85,80.5386,2024-12-31
INV00073,118844,4555.135,76.352,347793.67,103.8903,2024-12-31
INV00074,118837,900.005,122.6954,110426.47,171.4507,2024-12-31
INV00074,118834,3691.13,93.4654,344992.94,95.2529,2024-12-31
INV00074,118836,1480.062,182.0407,269431.52,263.3525,2024-12-31
INV00074,118632,70.75,108.3503,7665.78,121.2481,2024-12-31
INV00074,120503,1813.385,164.6732,298615.91,273.6968,2024-12-31
INV00075,118834,160.64,45.0155,7231.29,37.5166,2024-12-31
INV00075,118835,2516.851,211.2738,531744.67,236.7652,2024-12-31
INV00076,118836,2145.861,163.3554,350537.98,222.0825,2024-12-31
INV00076,118825,2209.762,178.36,394133.15,235.3299,2024-12-31
INV00076,118843,2267.185,162.0852,367477.13,136.7991,2024-12-31
INV00076,120841,2879.914,231.1752,665764.69,195.4299,2024-12-31
INV00077,119092,1540.922,178.8954,275663.86,171.3735,2024-12-31
INV00077,118834,4154.63,73.5228,305460.03,130.7022,2024-12-31
INV00077,118846,2507.995,225.3706,565228.34,229.1534,2024-12-31
INV00078,118843,1128.557,238.2333,268859.86,346.3445,2024-12-31
INV00078,118842,758.596,106.02,80426.35,159.8092,2024-12-31
INV00078,125497,1444.641,197.3819,285145.99,273.889,2024-12-31
INV00079,119092,4105.841,84.8178,348248.4,99.4416,2024-12-31
INV00080,118843,4477.505,266.404,1192825.24,463.2892,2024-12-31
INV00080,118841,2634.452,116.4361,306745.32,173.8003,2024-12-31
INV00080,118834,1514.735,37.9564,57493.89,43.0176,2024-12-31
INV00081,118841,3706.112,226.8419,840701.49,365.1327,2024-12-31
INV00081,118632,102.746,21.188,2176.98,33.0256,2024-12-31
INV00081,118843,15.747,25.1622,396.23,28.7088,2024-12-31
INV00082,118842,4855.909,144.501,701683.71,140.5675,2024-12-31
INV00082,118837,1969.405,47.3719,93294.46,67.4766,2024-12-31
INV00083,118842,3591.128,22.103,79374.7,20.9426,2024-12-31
INV00083,118843,2531.057,218.7658,553708.71,328.0318,2024-12-31
INV00083,118834,3230.479,222.5569,718965.39,218.9156,2024-12-31
INV00083,118840,2525.395,95.7535,241815.41,115.2631,2024-12-31
INV00083,120503,511.96,263.4494,134875.55,404.4935,2024-12-31
INV00084,119551,1056.079,171.7165,181346.19,271.3653,2024-12-31
INV00084,118632,634.573,150.498,95501.97,140.1274,2024-12-31
INV00084,118844,2711.196,126.8051,343793.48,156.4308,2024-12-31
INV00084,119092,1905.911,256.1309,488162.7,457.4581,2024-12-31
INV00085,118835,2933.443,186.8415,548088.89,165.7299,2024-12-31
INV00085,118844,975.407,279.4579,272585.19,259.8788,2024-12-31
INV00085,118842,2045.477,60.96,124692.28,108.4982,2024-12-31
INV00086,119551,1092.282,252.8242,276155.32,373.8517,2024-12-31
INV00086,118841,1929.095,71.3144,137572.25,113.7651,2024-12-31
INV00086,125497,646.059,290.5672,187723.55,448.4741,2024-12-31
INV00086,118845,4864.356,287.1424,1396762.86,300.2731,2024-12-31
INV00086,118836,4888.6,93.992,459489.29,157.0107,2024-12-31
INV00087,118837,93.901,92.9875,8731.62,150.22,2024-12-31
INV00088,118838,214.857,192.884,41442.48,291.403,2024-12-31
INV00089,118838,4279.356,141.0266,603503.03,145.6959,2024-12-31
INV00089,120503,71.699,62.0999,4452.5,104.3408,2024-12-31
INV00089,118825,1926.121,235.7057,453997.7,229.2347,2024-12-31
INV00090,118840,2363.856,34.2547,80973.18,56.4615,2024-12-31
INV00090,118632,443.454,278.9487,123700.92,404.7164,2024-12-31
INV00091,118843,169.677,51.4087,8722.87,85.4935,2024-12-31
INV00091,118841,2152.105,198.8592,427965.88,202.0545,2024-12-31
INV00092,118845,2937.086,156.4132,459399.02,194.6157,2024-12-31
INV00092,125497,3582.873,294.2747,1054348.88,434.8299,2024-12-31
INV00092,118825,1455.017,37.5103,54578.12,62.235,2024-12-31
INV00092,120841,811.056,145.4676,117982.37,211.0874,2024-12-31
INV00092,118844,3300.551,289.8317,956604.31,474.6833,2024-12-31
INV00093,118840,1460.334,198.0832,289267.63,183.616,2024-12-31
INV00093,118846,27.414,141.619,3882.34,183.2168,2024-12-31
INV00093,119551,523.613,282.0973,147709.81,330.2286,2024-12-31
INV00093,118841,2867.717,55.2324,158390.89,57.1479,2024-12-31
INV00093,118839,1241.368,60.7307,75389.15,86.2719,2024-12-31
INV00094,118837,3677.165,291.6951,1072611.01,234.1585,2024-12-31
INV00094,119092,1351.675,67.8609,91725.88,59.393,2024-12-31
INV00094,118632,514.369,57.773,29716.64,98.9541,2024-12-31
INV00094,118843,1773.694,140.5108,249223.16,248.1652,2024-12-31
INV00094,118840,4849.636,268.4445,1301858.11,290.135,2024-12-31
INV00095,118842,1717.082,115.2186,197839.78,128.2776,2024-12-31
INV00095,118836,324.36,87.3592,28335.83,92.1217,2024-12-31
INV00095,118839,1687.831,155.3718,262241.34,222.7734,2024-12-31
INV00095,118837,3330.707,284.4667,947475.23,331.2525,2024-12-31
INV00096,118632,1808.199,240.0941,434137.91,412.4762,2024-12-31
INV00097,118838,4586.657,258.329,1184866.52,262.3519,2024-12-31
INV00097,119551,4218.635,108.8786,459319.07,158.3416,2024-12-31
INV00097,118836,4914.701,230.4364,1132526.01,313.7606,2024-12-31
INV00097,118840,3274.563,214.7154,703099.1,262.2243,2024-12-31
INV00098,118845,3239.832,213.4377,691502.29,374.908,2024-12-31
INV00098,118842,1454.013,172.6536,251040.58,278.7018,2024-12-31
INV00099,118846,3349.71,67.3211,225506.16,67.7983,2024-12-31
INV00099,118840,1729.624,20.407,35296.44,26.9309,2024-12-31
INV00099,118844,3030.8,124.4356,377139.42,110.7325,2024-12-31
INV00099,118841,268.521,265.9399,71410.45,331.579,2024-12-31
INV00100,118825,4477.118,132.5801,593576.75,221.5707,2024-12-31
INV00100,120503,3600.037,196.89,708811.28,340.5458,2024-12-31
INV00100,125497,1725.517,115.7633,199751.54,173.9769,2024-12-31
INV00100,118843,2783.232,169.5281,471836.03,279.3717,2024-12-31
INV00101,118838,411.627,160.941,66247.66,218.3828,2024-12-31
INV00101,118841,831.226,78.2695,65059.64,117.9947,2024-12-31
INV00101,119092,1792.954,45.0073,80696.02,51.5244,2024-12-31
INV00101,118845,155.524,204.0317,31731.83,282.4065,2024-12-31
INV00101,125497,4469.999,127.2037,568600.41,157.5047,2024-12-31
INV00102,118843,4068.646,282.8906,1150981.71,299.8465,2024-12-31
INV00103,118843,468.755,221.9353,104033.28,348.7525,2024-12-31
INV00104,118842,2158.552,21.8958,47263.22,34.036,2024-12-31
INV00104,118835,454.57,136.1911,61908.39,233.6046,2024-12-31
INV00105,118834,3670.062,276.0713,1013198.79,294.7168,2024-12-31
INV00105,119092,1857.589,142.3357,264401.23,200.3231,2024-12-31
INV00105,118632,4407.14,259.7725,1144853.78,385.9393,2024-12-31
INV00105,119551,4390.74,75.0392,329477.62,122.5644,2024-12-31
INV00106,120841,1257.702,40.1683,50519.75,43.6249,2024-12-31
INV00107,118839,2745.445,135.0564,370789.92,219.9159,2024-12-31
INV00107,118845,3078.517,17.9037,55116.84,19.6872,2024-12-31
INV00107,118846,850.486,176.4691,150084.5,219.3592,2024-12-31
INV00107,118835,3988.17,142.1796,567036.42,142.5873,2024-12-31
INV00108,118835,946.278,277.1798,262289.15,479.3472,2024-12-31
INV00109,118825,2526.475,139.1266,351499.88,156.4003,2024-12-31
INV00110,118825,4951.296,75.4506,373578.25,113.3532,2024-12-31
INV00110,118632,3326.546,189.3774,629972.63,244.1785,2024-12-31
INV00110,119551,4406.957,148.4061,654019.3,141.9562,2024-12-31
INV00110,118840,576.53,120.828,69660.97,131.5749,2024-12-31
INV00110,119092,4464.906,32.8902,146851.65,39.1013,2024-12-31
INV00111,118837,1717.456,288.1345,494858.33,334.1008,2024-12-31
INV00111,118845,2279.579,227.8855,519483.0,214.0361,2024-12-31
INV00112,118843,4189.573,229.3258,960777.18,228.0771,2024-12-31
INV00113,118837,1745.808,246.6843,430663.42,223.6812,2024-12-31
INV00113,118845,3609.336,183.532,662428.65,298.6492,2024-12-31
INV00114,118842,96.917,98.701,9565.8,170.3945,2024-12-31
INV00114,118837,3771.504,23.3408,88029.92,41.7877,2024-12-31
INV00115,119551,3580.176,112.2134,401743.72,168.4914,2024-12-31
INV00115,118834,1995.918,225.0611,449203.5,356.244,2024-12-31
INV00115,118839,1806.687,50.6074,91431.73,65.7208,2024-12-31
INV00115,118835,955.825,269.6091,257699.12,435.6002,2024-12-31
INV00116,118825,2366.332,171.094,404865.21,253.9017,2024-12-31
INV00116,118837,603.875,59.9082,36177.06,96.9103,2024-12-31
INV00116,118836,64.709,96.063,6216.14,113.8231,2024-12-31
INV00117,118825,2856.532,218.5352,624252.79,339.9394,2024-12-31
INV00117,118837,2243.181,42.5202,95380.5,74.0362,2024-12-31
INV00117,118843,3423.87,270.9406,927665.39,476.1039,2024-12-31
INV00117,118844,2859.787,33.4409,95633.85,36.8295,2024-12-31
INV00117,118846,1769.69,258.4351,457350.01,265.2661,2024-12-31
INV00118,119092,1322.483,157.8952,208813.72,227.8001,2024-12-31
INV00118,120841,3648.89,295.3743,1077788.33,461.5995,2024-12-31
INV00119,118842,649.92,207.2103,134670.12,270.4911,2024-12-31
INV00119,118835,523.26,237.7489,124404.49,280.544,2024-12-31
INV00120,118837,4022.849,283.6988,1141277.43,357.1147,2024-12-31
INV00120,118844,930.598,84.8579,78968.59,104.8925,2024-12-31
INV00120,120841,4031.45,68.0913,274506.67,101.7904,2024-12-31
INV00121,118835,2623.917,102.8596,269895.05,84.1419,2024-12-31
INV00121,119092,2630.103,261.2771,687185.68,212.0082,2024-12-31
INV00122,118839,2466.16,258.366,637171.89,389.4545,2024-12-31
INV00123,120841,4994.643,172.2717,860435.64,300.4072,2024-12-31
INV00123,118835,1085.772,278.8255,302740.92,231.6826,2024-12-31
INV00123,119551,2894.173,145.9455,422391.53,150.5095,2024-12-31
INV00123,118843,1617.046,171.877,277933.02,240.8119,2024-12-31
INV00124,118837,133.31,51.246,6831.6,89.7339,2024-12-31
INV00124,118842,3391.407,55.7693,189136.39,74.8151,2024-12-31
INV00125,118842,2267.937,77.3328,175385.92,71.3777,2024-12-31
INV00125,118632,2406.295,79.7895,191997.07,96.2256,2024-12-31
INV00125,118838,3048.194,166.3168,506965.87,196.6756,2024-12-31
INV00126,120503,1206.524,219.7261,265104.81,293.4907,2024-12-31
INV00126,118834,807.649,179.6337,145080.98,261.3546,2024-12-31
INV00126,118839,4841.836,129.3997,626532.13,113.0825,2024-12-31
INV00126,119092,1686.429,41.3068,69660.99,55.6754,2024-12-31
INV00126,118835,4915.266,12.9747,63774.1,19.3608,2024-12-31
INV00127,118838,1900.844,82.9315,157639.84,93.0171,2024-12-31
INV00128,118839,3286.331,168.3948,553401.05,188.1495,2024-12-31
INV00128,118844,3223.137,223.6805,720952.9,383.6985,2024-12-31
INV00128,118842,3419.519,299.0708,1022678.28,268.3414,2024-12-31
INV00128,118836,2735.353,250.7294,685833.42,261.7557,2024-12-31
INV00128,120841,3096.32,226.2437,700522.89,210.348,2024-12-31
INV00129,118837,3534.674,79.4873,280961.69,114.2311,2024-12-31
INV00130,119551,4776.652,213.5701,1020150.05,366.7842,2024-12-31
INV00130,118844,4273.711,119.4726,510591.36,117.6581,2024-12-31
INV00131,118842,4886.09,292.0127,1426800.33,484.4755,2024-12-31
INV00131,118845,2971.279,249.1101,740175.61,213.8875,2024-12-31
INV00131,118836,1479.527,250.7285,370959.59,302.4846,2024-12-31
INV00131,118846,327.201,82.4579,26980.31,147.4885,2024-12-31
INV00131,118834,2789.628,209.0902,583283.88,321.2366,2024-12-31
INV00132,118842,1869.176,227.2456,424762.02,319.2157,2024-12-31
INV00132,120503,3798.893,147.0039,558452.09,201.2832,2024-12-31
INV00132,119092,1748.292,196.802,344067.36,285.9957,2024-12-31
INV00133,125497,3356.981,127.8739,429270.25,229.8422,2024-12-31
INV00134,118843,3602.397,269.2893,970086.97,367.0375,2024-12-31
INV00134,120503,3664.834,173.8994,637312.43,209.7845,2024-12-31
INV00134,118825,1927.72,176.9502,341110.44,243.7198,2024-12-31
INV00134,120841,1024.711,281.848,288812.75,244.4332,2024-12-31
INV00134,118841,802.9,240.1661,192829.36,365.0305,2024-12-31
INV00135,118841,1730.796,242.8582,420338.0,312.2065,2024-12-31
INV00136,120503,660.392,260.8992,172295.74,428.4823,2024-12-31
INV00136,118844,1378.75,200.8253,276887.88,298.7738,2024-12-31
INV00136,125497,1110.647,37.59,41749.22,34.9817,2024-12-31
INV00137,119551,1398.791,261.9075,366353.85,465.8781,2024-12-31
INV00137,118841,3207.42,72.759,233368.67,88.7095,2024-12-31
INV00137,118835,744.019,147.4343,109693.92,245.2368,2024-12-31
INV00137,118843,324.725,197.1496,64019.4,161.3588,2024-12-31
INV00137,125497,1360.303,150.2949,204446.6,230.3825,2024-12-31
INV00138,118841,4673.812,60.2118,281418.63,79.2388,2024-12-31
INV00138,125497,4055.048,165.929,672850.06,134.4495,2024-12-31
INV00139,119092,1810.213,273.3727,494862.82,345.4773,2024-12-31
INV00140,118844,2054.443,46.9012,96355.84,84.185,2024-12-31
INV00140,118845,2686.607,131.735,353920.17,137.6136,2024-12-31
INV00140,118843,4981.678,79.2103,394600.21,105.6842,2024-12-31
INV00141,118632,1251.745,180.6904,226178.3,282.9498,2024-12-31
INV00141,118838,923.386,197.0587,181961.24,340.81,2024-12-31
INV00141,125497,4369.401,296.7485,1296613.19,407.0503,2024-12-31
INV00142,118632,4959.233,217.4991,1078628.71,261.1095,2024-12-31
INV00143,118838,359.046,86.1917,30946.79,106.9663,2024-12-31
INV00144,118834,1053.654,208.4044,219586.13,248.6255,2024-12-31
INV00144,118836,2099.211,137.0777,287755.02,181.7317,2024-12-31
INV00145,118840,1094.506,113.8667,124627.79,121.4134,2024-12-31
INV00145,118837,2531.088,211.8555,536224.91,318.4069,2024-12-31
INV00145,119551,4178.684,103.0171,430475.91,96.2543,2024-12-31
INV00146,118838,1239.572,141.8174,175792.88,231.8077,2024-12-31
INV00146,120503,4384.911,155.331,681112.61,187.716,2024-12-31
INV00146,118839,3330.645,299.0633,996073.68,487.2617,2024-12-31
INV00146,118845,3757.544,190.4152,715493.49,231.238,2024-12-31
INV00147,120841,2944.8,289.2645,851826.1,407.3045,2024-12-31
INV00147,125497,4940.126,193.9907,958338.5,289.4129,2024-12-31
INV00148,118834,2995.118,234.2821,701702.53,203.6801,2024-12-31
INV00148,118835,1231.065,73.9171,90996.75,61.8848,2024-12-31
INV00148,118825,597.115,74.8505,44694.36,120.845,2024-12-31
INV00148,118846,3578.919,203.3826,727889.85,257.6886,2024-12-31
INV00149,118839,605.239,156.4469,94687.77,199.6567,2024-12-31
INV00150,120503,2063.231,121.5326,250749.83,168.3763,2024-12-31
INV00150,118632,2854.892,68.176,194635.12,98.8459,2024-12-31
INV00150,118844,283.356,257.2176,72884.15,293.3951,2024-12-31
INV00150,118841,2442.323,206.3312,503927.44,219.5278,2024-12-31
INV00150,118845,4856.275,245.0694,1190124.4,228.3352,2024-12-31
INV00151,118843,601.341,142.9133,85939.63,210.0669,2024-12-31
INV00151,118836,968.757,254.7919,246831.44,428.2311,2024-12-31
INV00151,125497,2004.988,98.574,197639.69,174.7099,2024-12-31
INV00151,118841,4126.515,226.4197,934324.29,206.5915,2024-12-31
INV00152,118840,4661.723,176.5628,823086.87,182.0643,2024-12-31
INV00152,118835,1882.226,294.739,554765.41,328.5735,2024-12-31
INV00153,119551,307.233,55.1087,16931.21,50.0241,2024-12-31
INV00153,118843,2644.166,279.4796,738990.46,379.5125,2024-12-31
INV00153,118845,4329.506,124.41,538633.84,120.3291,2024-12-31
INV00153,118842,1635.816,82.4576,134885.46,87.5774,2024-12-31
INV00153,118846,354.762,262.1007,92983.37,412.2201,2024-12-31
INV00154,125497,881.228,31.3176,27597.95,42.6792,2024-12-31
INV00155,118840,133.981,265.6386,35590.53,459.6783,2024-12-31
INV00156,118843,2298.38,225.0237,517189.97,314.3482,2024-12-31
INV00156,118825,3126.331,151.2207,472765.96,147.3041,2024-12-31
INV00157,118834,4574.526,74.3321,340034.12,126.5351,2024-12-31
INV00157,118846,4509.98,13.5307,61023.19,21.7867,2024-12-31
INV00157,120841,859.38,211.6165,181858.99,203.7901,2024-12-31
INV00157,118825,715.867,12.4262,8895.51,14.7771,2024-12-31
INV00158,120841,478.233,288.1272,137791.94,444.401,2024-12-31
INV00158,118835,2031.523,16.2819,33077.05,17.4029,2024-12-31
INV00159,118843,3457.109,186.6482,645263.17,268.0506,2024-12-31
INV00159,118846,4826.517,181.6529,876750.81,302.3487,2024-12-31
INV00159,125497,882.707,126.3096,111494.37,190.3883,2024-12-31
INV00159,118835,2911.274,249.945,727658.38,405.0851,2024-12-31
INV00159,118841,4488.565,23.5892,105881.66,41.7515,2024-12-31
INV00160,119551,3871.02,232.1907,898814.84,353.3339,2024-12-31
INV00160,125497,4983.669,48.401,241214.56,65.3928,2024-12-31
INV00161,118842,3493.692,152.0274,531136.91,169.7104,2024-12-31
INV00161,125497,2224.811,25.1808,56022.52,38.9527,2024-12-31
INV00161,118837,1929.161,87.3278,168469.39,123.3986,2024-12-31
INV00161,118825,4570.526,258.5694,1181798.17,345.5291,2024-12-31
INV00161,118843,2087.919,67.5005,140935.58,97.7576,2024-12-31
INV00162,118837,4939.931,160.3553,792144.12,250.2878,2024-12-31
INV00162,118834,2663.611,281.5916,750050.48,498.8325,2024-12-31
INV00162,119092,3047.408,123.2117,375476.32,214.3547,2024-12-31
INV00162,120841,4856.932,253.8276,1232823.39,280.299,2024-12-31
INV00163,118834,1369.58,73.0079,99990.16,122.8273,2024-12-31
INV00163,118835,1174.306,120.533,141542.63,206.6238,2024-12-31
INV00163,118844,2090.035,252.4035,527532.15,247.9074,2024-12-31
INV00163,118837,170.276,201.7956,34360.95,333.5969,2024-12-31
INV00164,118632,3079.435,106.6141,328311.19,167.6381,2024-12-31
INV00164,118841,1266.45,235.4938,298241.12,254.3893,2024-12-31
INV00164,118825,3283.682,27.2131,89359.17,26.2975,2024-12-31
INV00164,118844,3416.278,68.5074,234040.32,99.2264,2024-12-31
INV00164,118835,2557.527,284.53,727693.16,411.1427,2024-12-31
INV00165,119092,3510.574,76.2643,267731.47,121.341,2024-12-31
INV00165,118834,4068.313,108.0803,439704.49,164.0099,2024-12-31
INV00165,118846,130.75,295.2536,38604.41,286.7465,2024-12-31
INV00165,118842,696.414,214.9058,149663.41,360.5534,2024-12-31
INV00166,118841,2928.984,39.7466,116417.16,50.7675,2024-12-31
INV00166,118844,4781.488,10.5217,50309.38,11.7201,2024-12-31
INV00166,118845,153.171,56.3421,8629.98,55.812,2024-12-31
INV00166,118840,112.959,207.1906,23404.04,213.9148,2024-12-31
INV00167,120503,52.29,20.9462,1095.28,29.0649,2024-12-31
INV00167,118846,4208.949,41.7202,175598.19,56.7031,2024-12-31
INV00168,118845,4751.709,247.4009,1175577.08,417.1565,2024-12-31
INV00169,119551,994.53,288.175,286598.68,473.6268,2024-12-31
INV00170,118842,4454.745,40.4795,180325.85,52.7749,2024-12-31
INV00170,118843,4214.67,133.3824,562162.8,144.7808,2024-12-31
INV00170,119092,285.627,32.7708,9360.23,52.7117,2024-12-31
INV00170,118837,1975.799,223.4726,441536.94,372.1446,2024-12-31
INV00170,118844,2977.128,277.4997,826152.13,470.8485,2024-12-31
INV00171,118834,256.448,148.6903,38131.33,205.3628,2024-12-31
INV00171,118843,1593.441,97.7531,155763.8,173.3128,2024-12-31
INV00171,118842,883.12,215.8556,190626.4,358.2928,2024-12-31
INV00172,118844,3546.345,75.7688,268702.31,65.3609,2024-12-31
INV00172,118825,1880.434,163.7306,307884.59,209.9158,2024-12-31
INV00172,120841,1567.057,239.2131,374860.56,288.2991,2024-12-31
INV00173,118835,4987.941,277.7863,1385581.68,331.0834,2024-12-31
INV00173,120841,299.826,150.7493,45198.56,210.9031,2024-12-31
INV00174,118835,82.597,226.308,18692.36,231.6976,2024-12-31
INV00174,120841,4928.082,286.7221,1412990.02,505.5423,2024-12-31
INV00174,125497,2175.107,27.5693,59966.18,34.225,2024-12-31
INV00174,119551,139.101,134.9196,18767.45,195.5491,2024-12-31
INV00174,118843,1279.693,80.8398,103450.13,77.6505,2024-12-31
INV00175,118846,1084.764,111.0241,120434.95,144.7215,2024-12-31
INV00176,118838,1340.67,60.744,81437.66,61.9942,2024-12-31
INV00177,118842,1786.598,287.6447,513905.45,448.3104,2024-12-31
INV00177,118836,4874.85,45.6731,222649.51,47.2638,2024-12-31
INV00177,118632,4105.075,286.5336,1176241.92,425.5359,2024-12-31
INV00178,119092,3671.994,79.8905,293357.44,122.6587,2024-12-31
INV00178,118838,2880.509,104.4863,300973.73,132.1032,2024-12-31
INV00178,118632,4550.427,217.6693,990488.26,300.1017,2024-12-31
INV00178,118835,537.415,110.2512,59250.65,186.9261,2024-12-31
INV00178,118841,4122.142,53.3554,219938.54,80.8873,2024-12-31
INV00179,118844,3786.1,132.8997,503171.55,202.5447,2024-12-31
INV00179,118836,944.067,43.378,40951.74,65.266,2024-12-31
INV00179,119092,4277.393,51.3435,219616.33,53.0862,2024-12-31
INV00179,118843,1466.909,44.3626,65075.9,39.2454,2024-12-31
INV00180,118845,2828.831,54.0465,152888.41,62.7197,2024-12-31
INV00180,118837,1534.771,220.3246,338147.81,338.3341,2024-12-31
INV00181,118837,1189.574,50.6386,60238.36,68.5535,2024-12-31
INV00181,118835,2223.448,12.8538,28579.76,20.091,2024-12-31
INV00181,118839,3758.239,234.9684,883067.4,417.3842,2024-12-31
INV00182,118840,4193.471,37.4788,157166.26,31.5921,2024-12-31
INV00182,118844,4642.932,234.8739,1090503.55,257.6885,2024-12-31
INV00183,118840,3010.281,253.044,761733.55,448.032,2024-12-31
INV00183,120503,2818.58,208.4554,587548.22,199.5431,2024-12-31
INV00183,118842,2073.76,282.531,585901.49,287.6765,2024-12-31
INV00183,118844,998.041,217.1204,216695.06,313.2369,2024-12-31
INV00184,118846,3794.075,171.2678,649802.88,147.0268,2024-12-31
INV00184,118843,2856.894,125.5414,358658.47,120.7262,2024-12-31
INV00184,118837,841.921,299.6694,252297.96,336.162,2024-12-31
INV00184,120841,2789.051,263.2345,734174.45,395.8851,2024-12-31
INV00184,118844,3924.954,74.0422,290612.23,114.5227,2024-12-31
INV00185,118632,378.345,113.2617,42852.0,105.3052,2024-12-31
INV00185,118825,1520.277,156.8337,238430.67,229.2723,2024-12-31
INV00186,118632,1181.392,245.0997,289558.82,211.6708,2024-12-31
INV00186,118841,4122.193,279.6385,1152723.87,399.9372,2024-12-31
INV00186,118835,653.224,272.2089,177813.39,473.9892,2024-12-31
INV00187,119092,1823.294,62.4744,113909.2,90.604,2024-12-31
INV00187,118836,1515.0,103.8435,157322.9,136.4716,2024-12-31
INV00188,118839,4855.665,270.3464,1312711.55,244.0752,2024-12-31
INV00188,119551,2124.394,166.1365,352939.38,268.3792,2024-12-31
INV00188,119092,2428.103,203.387,493844.58,347.0768,2024-12-31
INV00188,118835,1779.122,195.4063,347651.65,262.9584,2024-12-31
INV00189,119092,1812.355,42.2017,76484.46,35.8291,2024-12-31
INV00189,118837,3168.482,236.5468,749494.28,406.6439,2024-12-31
INV00189,120503,4314.201,66.4577,286711.88,79.8281,2024-12-31
INV00189,118843,588.625,95.7198,56343.07,85.529,2024-12-31
INV00190,118841,4814.729,27.6014,132893.26,39.3804,2024-12-31
INV00190,118844,531.576,228.3783,121400.42,202.8845,2024-12-31
INV00190,118846,3811.618,99.5865,379585.7,92.9812,2024-12-31
INV00191,118632,2099.721,121.7717,255686.6,149.9095,2024-12-31
INV00191,120503,4740.454,135.8873,644167.49,129.3558,2024-12-31
INV00191,118845,3517.545,146.9543,516918.36,194.5464,2024-12-31
INV00191,118825,335.343,111.8888,37521.13,120.0458,2024-12-31
INV00192,118840,2864.771,261.0425,747826.98,457.6015,2024-12-31
INV00192,120503,3251.737,218.0278,708969.06,298.3064,2024-12-31
INV00192,118839,546.647,61.5123,33625.51,103.5682,2024-12-31
INV00193,118842,3331.995,186.2623,620625.05,167.9593,2024-12-31
INV00193,118837,4024.773,40.2225,161886.43,40.1088,2024-12-31
INV00194,118835,1912.436,74.1269,141762.95,132.3704,2024-12-31
INV00194,118846,4196.563,11.8549,49749.83,13.135,2024-12-31
INV00194,118834,1760.929,198.2601,349121.96,330.4836,2024-12-31
INV00194,118632,225.54,228.5754,51552.9,229.207,2024-12-31
INV00195,118846,1899.913,165.0718,313622.06,255.6243,2024-12-31
INV00196,118834,998.257,157.5489,157274.29,204.101,2024-12-31
INV00196,118632,2713.695,274.3237,744430.85,292.241,2024-12-31
INV00196,118845,338.879,234.8519,79586.38,223.1996,2024-12-31
INV00196,118836,4362.331,239.6919,1045615.41,307.5209,2024-12-31
INV00196,118839,265.514,52.8625,14035.73,49.9104,2024-12-31
INV00197,118842,2717.504,179.4005,487521.58,166.1924,2024-12-31
INV00198,119551,45.252,218.9971,9910.06,221.5536,2024-12-31
INV00198,118825,2857.64,56.2538,160753.11,94.0993,2024-12-31
INV00198,120841,1678.865,49.566,83214.62,69.8116,2024-12-31
INV00198,118846,3504.207,156.997,550149.99,247.2833,2024-12-31
INV00199,119092,1683.722,152.9233,257480.32,124.3647,2024-12-31
INV00199,118846,4909.037,64.0889,314614.78,67.9976,2024-12-31
INV00199,120841,1410.474,54.0369,76217.64,91.3617,2024-12-31
INV00199,118845,1989.219,212.7373,423181.08,238.0636,2024-12-31
INV00199,120503,2454.854,295.563,725564.01,289.4239,2024-12-31
INV00200,118846,2263.239,57.5957,130352.83,88.0797,2024-12-31
INV00200,119092,272.055,269.6383,73356.45,483.4138,2024-12-31
INV00201,118837,3108.24,91.0977,283153.52,154.8654,2024-12-31
INV00201,118836,3583.579,195.7423,701458.0,262.338,2024-12-31
INV00201,119551,2090.162,40.6068,84874.79,54.8329,2024-12-31
INV00202,119551,3972.517,117.9232,468451.92,189.0476,2024-12-31
INV00202,118839,3438.261,67.7102,232805.34,103.4264,2024-12-31
INV00203,120503,3209.273,130.403,418498.83,219.2574,2024-12-31
INV00203,118834,2252.05,266.6529,600515.66,275.7902,2024-12-31
INV00203,118843,918.45,47.8761,43971.8,47.5408,2024-12-31
INV00203,118842,1375.099,288.9244,397299.65,299.1361,2024-12-31
INV00203,118837,114.679,82.8266,9498.47,73.7255,2024-12-31
INV00204,118842,3635.645,13.3268,48451.51,11.7384,2024-12-31
INV00204,120841,4101.303,184.9913,758705.37,213.9539,2024-12-31
INV00205,118836,2850.667,42.1521,120161.6,51.6463,2024-12-31
INV00206,118632,404.853,163.1298,66043.59,154.5165,2024-12-31
INV00207,118632,3833.11,194.2425,744552.87,299.9805,2024-12-31
INV00207,118839,2097.373,116.5629,244475.88,191.0457,2024-12-31
INV00207,125497,2344.676,51.3805,120470.63,61.4579,2024-12-31
INV00207,118834,3343.917,11.2595,37650.83,13.0779,2024-12-31
INV00208,119551,546.67,72.7816,39787.52,77.5844,2024-12-31
INV00208,118843,2055.127,87.3223,179458.42,74.8737,2024-12-31
INV00208,118836,2258.834,281.5041,635871.03,489.5411,2024-12-31
INV00208,118845,2514.926,199.2257,501037.89,194.0518,2024-12-31
INV00208,118825,3032.255,285.6926,866292.81,449.765,2024-12-31
INV00209,118843,2567.931,159.7395,410200.01,226.5473,2024-12-31
INV00209,118632,4916.237,268.9272,1322109.85,233.3776,2024-12-31
INV00209,120841,905.658,127.5966,115558.88,181.4468,2024-12-31
INV00209,118841,1772.223,283.9244,503177.35,399.7407,2024-12-31
INV00210,125497,139.962,60.2805,8436.98,49.5505,2024-12-31
INV00210,118836,1012.787,132.3738,134066.46,150.5532,2024-12-31
INV00210,118845,2436.811,256.225,624371.9,407.7626,2024-12-31
INV00210,120841,2803.554,112.7416,316077.16,113.5808,2024-12-31
INV00211,118843,3862.289,31.5024,121671.37,56.4383,2024-12-31
INV00211,119551,4002.678,247.5609,990906.57,274.424,2024-12-31
INV00211,118844,2820.917,153.6592,433459.85,232.8708,2024-12-31
INV00212,119092,890.149,86.1331,76671.29,128.5563,2024-12-31
INV00212,118835,3690.937,62.6559,231258.98,56.3387,2024-12-31
INV00213,118844,3929.25,179.2573,704346.75,173.7932,2024-12-31
INV00213,119551,2135.818,113.3236,242038.58,154.3079,2024-12-31
INV00213,118836,4342.555,230.8759,1002591.29,400.5812,2024-12-31
INV00213,118837,4892.768,149.5144,731539.27,142.9541,2024-12-31
INV00213,118841,2355.035,133.9522,315462.12,186.804,2024-12-31
INV00214,118845,238.179,87.7194,20892.92,89.6715,2024-12-31
INV00214,118838,4188.981,196.366,822573.44,276.8984,2024-12-31
INV00214,120503,1508.582,26.3065,39685.51,27.5452,2024-12-31
INV00214,118846,4380.801,197.0785,863361.69,279.8172,2024-12-31
INV00214,118834,3108.388,24.5587,76337.97,44.2056,2024-12-31
INV00215,118846,2227.746,93.2608,207761.37,118.2044,2024-12-31
INV00216,118834,4740.041,73.0593,346304.08,131.3856,2024-12-31
INV00216,118845,3888.396,236.0676,917924.31,190.58,2024-12-31
INV00217,118825,3464.976,254.3192,881209.92,373.2833,2024-12-31
INV00217,118846,2622.682,103.6484,271836.79,89.7507,2024-12-31
INV00217,118632,1283.647,121.241,155630.65,126.5085,2024-12-31
INV00217,118843,1969.054,288.7364,568537.56,437.1317,2024-12-31
INV00217,118840,1164.836,29.4288,34279.73,39.646,2024-12-31
INV00218,120503,2916.881,155.2095,452727.64,124.2588,2024-12-31
INV00219,118834,2960.185,234.1464,693116.66,270.4739,2024-12-31
INV00219,125497,1367.168,274.5726,375386.87,388.1656,2024-12-31
INV00219,119092,3461.772,90.5215,313364.79,148.5452,2024-12-31
INV00219,118843,1968.543,141.0421,277647.44,237.1789,2024-12-31
INV00220,118842,3871.96,15.3008,59244.09,21.9913,2024-12-31
INV00220,118837,4677.222,280.2674,1310872.85,335.0659,2024-12-31
INV00220,118836,3294.262,169.1,557059.7,185.1282,2024-12-31
INV00220,118838,2455.242,280.7882,689402.98,500.1288,2024-12-31
INV00221,120503,2886.077,204.8752,591285.6,258.3086,2024-12-31
INV00221,118846,367.191,266.9415,98018.52,452.0837,2024-12-31
INV00221,118632,1257.279,64.2876,80827.45,58.9907,2024-12-31
INV00221,118825,2444.26,225.0495,550079.49,310.7755,2024-12-31
INV00221,118838,1475.086,119.1563,175765.79,141.7901,2024-12-31
INV00222,118842,3349.427,67.6366,226543.85,88.5988,2024-12-31
INV00222,118845,701.966,182.8178,128331.88,242.1813,2024-12-31
INV00222,118841,1137.808,81.7316,92994.87,95.9446,2024-12-31
INV00223,118845,3690.729,247.9211,915009.59,354.8732,2024-12-31
INV00223,118838,3163.649,18.5081,58553.13,28.6171,2024-12-31
INV00224,118834,679.153,41.572,28233.75,63.208,2024-12-31
INV00224,119551,3618.55,247.7641,896546.78,368.8067,2024-12-31
INV00224,118836,2098.296,128.8262,270315.5,117.8005,2024-12-31
INV00225,118845,3311.834,249.1016,824983.15,381.1339,2024-12-31
INV00225,118835,234.605,177.7832,41708.83,289.4271,2024-12-31
INV00225,119551,2171.649,151.3577,328695.8,246.7966,2024-12-31
INV00225,118825,2796.706,73.1559,204595.54,72.1749,2024-12-31
INV00225,118839,798.338,15.27,12190.62,15.6541,2024-12-31
INV00226,118837,2832.601,252.7973,716073.88,296.0096,2024-12-31
INV00226,118843,1612.387,60.2477,97142.61,83.652,2024-12-31
INV00226,118835,3800.407,128.3536,487795.92,120.8647,2024-12-31
INV00226,118842,4567.163,18.0669,82514.48,15.907,2024-12-31
INV00226,120841,3170.33,50.9919,161661.15,61.0949,2024-12-31
INV00227,118840,652.492,24.5714,16032.64,26.0009,2024-12-31
INV00227,118632,1670.376,167.3058,279463.59,156.6517,2024-12-31
INV00227,120841,3640.006,248.6617,905130.08,397.368,2024-12-31
INV00227,118835,780.721,207.0181,161623.38,288.7616,2024-12-31
INV00228,118845,3569.244,189.2617,675521.19,250.0932,2024-12-31
INV00228,118836,4263.895,121.6592,518742.05,119.4243,2024-12-31
INV00228,118835,4575.736,299.1885,1369007.59,477.7853,2024-12-31
INV00228,120503,2884.86,229.0816,660868.34,344.8331,2024-12-31
INV00228,119092,3233.635,140.4534,454175.03,120.2544,2024-12-31
INV00229,118838,3973.957,261.6577,1039816.45,256.1333,2024-12-31
INV00229,118840,1716.42,214.1483,367568.43,373.2053,2024-12-31
INV00229,120503,134.156,96.5706,12955.53,163.6115,2024-12-31
INV00229,119551,967.127,226.6562,219205.33,229.3958,2024-12-31
INV00230,118842,1950.262,149.3134,291200.25,252.072,2024-12-31
INV00231,118842,3636.31,232.3758,844990.45,214.6921,2024-12-31
INV00231,118839,3003.094,64.271,193011.85,89.0784,2024-12-31
INV00231,118846,2652.165,119.1048,315885.58,204.8394,2024-12-31
INV00231,118834,4682.905,152.6785,714978.91,193.5545,2024-12-31
INV00231,118840,533.506,257.2678,137253.91,400.1178,2024-12-31
INV00232,118825,4667.228,45.6624,213116.83,38.1808,2024-12-31
INV00232,118846,892.998,18.1923,16245.69,17.7967,2024-12-31
INV00232,118836,340.943,68.2844,23281.09,93.9103,2024-12-31
INV00232,118844,4796.709,52.2143,250456.8,44.5925,2024-12-31
INV00233,118835,1684.534,184.4669,310740.76,178.1815,2024-12-31
INV00233,118843,1742.143,101.1839,176276.82,98.2416,2024-12-31
INV00233,120503,4407.64,185.3459,816938.0,287.0646,2024-12-31
INV00233,118632,3152.451,15.3522,48397.06,17.9935,2024-12-31
INV00234,120503,2857.629,122.2206,349261.13,98.2955,2024-12-31
INV00235,118825,2642.418,215.539,569544.13,286.0925,2024-12-31
INV00235,118843,2149.659,241.5703,519293.77,417.5277,2024-12-31
INV00236,118843,4954.194,150.0745,743498.19,223.1857,2024-12-31
INV00236,120841,3192.269,190.0819,606792.56,167.2416,2024-12-31
INV00237,120841,2797.107,166.0253,464390.53,191.8818,2024-12-31
INV00237,118825,4281.477,65.2051,279174.14,91.0275,2024-12-31
INV00237,118837,3032.177,156.697,475133.04,140.7218,2024-12-31
INV00237,125497,3526.768,16.8173,59310.72,16.9881,2024-12-31
INV00238,118842,343.863,94.613,32533.91,149.9366,2024-12-31
INV00238,118841,3477.933,28.3263,98516.97,28.4937,2024-12-31
INV00238,119551,2569.229,247.508,635904.73,384.757,2024-12-31
INV00238,118835,900.136,186.9645,168293.48,263.5308,2024-12-31
INV00238,118834,3397.321,219.5807,745986.12,184.5658,2024-12-31
INV00239,118837,587.22,229.3661,134688.36,186.6717,2024-12-31
INV00239,118835,2797.456,128.7515,360176.66,208.3788,2024-12-31
INV00239,118844,4378.099,219.9904,963139.75,296.0285,2024-12-31
INV00239,118632,2757.38,263.9944,727932.88,465.8019,2024-12-31
INV00240,119092,1504.862,150.186,226009.2,160.1236,2024-12-31
INV00240,118846,2763.308,95.9382,265106.8,79.8477,2024-12-31
INV00240,120841,3921.533,36.1622,141811.26,58.4282,2024-12-31
INV00240,118843,1424.504,273.2451,389238.74,468.776,2024-12-31
INV00240,118845,3844.235,68.5265,263431.97,118.8278,2024-12-31
INV00241,118840,205.581,101.033,20770.47,82.5211,2024-12-31
INV00241,118845,2147.936,48.9651,105173.9,63.2457,2024-12-31
INV00241,120503,4933.205,170.2918,840084.36,235.8582,2024-12-31
INV00241,118844,2057.504,264.88,544991.66,227.6661,2024-12-31
INV00241,118841,2227.996,132.4458,295088.71,159.6851,2024-12-31
INV00242,118835,1236.822,183.9397,227500.67,285.9627,2024-12-31
INV00242,120841,2013.16,249.9213,503131.56,337.3877,2024-12-31
INV00242,118842,1986.7,278.3962,553089.73,238.9445,2024-12-31
INV00242,118836,2019.491,51.8836,104778.46,84.1332,2024-12-31
INV00242,118838,104.55,44.3936,4641.35,62.9135,2024-12-31
INV00243,118844,218.401,75.1282,16408.07,63.9412,2024-12-31
INV00243,118846,4783.0,138.7532,663656.56,165.5909,2024-12-31
INV00243,118825,178.484,249.6992,44567.31,416.4877,2024-12-31
INV00244,120503,4363.784,91.2487,398189.62,113.0552,2024-12-31
INV00244,118825,4042.569,11.895,48086.36,14.5087,2024-12-31
INV00244,118844,3253.557,284.8123,926653.05,497.4844,2024-12-31
INV00245,118632,1245.563,139.8917,174243.93,243.1712,2024-12-31
INV00245,118841,4597.637,82.2273,378051.28,72.2614,2024-12-31
INV00246,119551,3119.6,278.3509,868343.47,455.1911,2024-12-31
INV00247,118841,554.161,12.9145,7156.71,16.7768,2024-12-31
INV00247,118838,122.368,167.7398,20525.98,197.2105,2024-12-31
INV00247,119092,4843.309,155.2292,751822.98,137.0362,2024-12-31
INV00247,118834,3816.999,15.9061,60713.57,24.9998,2024-12-31
INV00247,119551,3827.591,285.8306,1094042.63,458.0551,2024-12-31
INV00248,118841,2173.229,258.3548,561464.14,288.9016,2024-12-31
INV00248,118846,3559.583,235.9963,840048.42,402.1642,2024-12-31
INV00248,125497,570.775,57.0592,32567.96,73.9629,2024-12-31
INV00249,118844,3288.566,94.1268,309542.19,103.361,2024-12-31
INV00249,118838,4352.985,51.3759,223638.52,88.3179,2024-12-31
INV00249,118846,45.835,239.0364,10956.23,270.5587,2024-12-31
INV00250,125497,1193.136,33.9027,40450.53,51.3971,2024-12-31
INV00250,118825,3911.721,299.9514,1173326.19,341.6265,2024-12-31
INV00250,118839,19.847,100.0346,1985.39,166.2745,2024-12-31
INV00250,118846,3639.596,275.4222,1002425.54,314.9369,2024-12-31
INV00251,125497,2575.551,139.3809,358982.62,207.8828,2024-12-31
INV00251,118837,3141.046,162.3562,509968.29,136.4237,2024-12-31
INV00251,118839,3483.045,69.8998,243464.15,115.5773,2024-12-31
INV00252,120841,226.134,110.1675,24912.62,98.433,2024-12-31
INV00252,118845,2344.645,259.2015,607735.5,426.5265,2024-12-31
INV00252,118843,4968.984,61.6042,306110.28,55.2285,2024-12-31
INV00252,118846,2198.182,125.8553,276652.86,136.3856,2024-12-31
INV00253,118839,3106.53,278.4043,864871.31,401.7409,2024-12-31
INV00254,120503,3920.271,161.5009,633127.29,141.2268,2024-12-31
INV00255,118840,180.415,57.7308,10415.5,49.3154,2024-12-31
INV00256,125497,732.537,40.8301,29909.56,38.2465,2024-12-31
INV00257,118836,4062.552,159.3377,647317.69,268.9445,2024-12-31
INV00257,118842,2536.678,271.0359,687530.8,457.0075,2024-12-31
INV00257,120841,3811.664,128.5556,490010.75,221.3111,2024-12-31
INV00257,118834,87.373,47.2529,4128.63,53.6806,2024-12-31
INV00257,118841,240.46,40.5444,9749.31,47.5816,2024-12-31
INV00258,118844,3486.297,62.6743,218501.22,101.8658,2024-12-31
INV00258,118632,1528.954,32.7806,50120.03,50.8182,2024-12-31
INV00258,118825,123.441,185.2982,22873.4,172.769,2024-12-31
INV00258,118842,621.125,229.3337,142444.89,276.0044,2024-12-31
INV00259,118837,3109.624,182.0596,566136.9,175.4984,2024-12-31
INV00260,119092,131.793,96.4746,12714.68,105.2054,2024-12-31
INV00261,118840,1005.968,13.7984,13880.75,11.8985,2024-12-31
INV00261,119092,1162.548,233.7894,271791.4,400.6364,2024-12-31
INV00261,118836,4659.733,39.2715,182994.7,55.1037,2024-12-31
INV00261,118835,4281.976,232.5611,995821.05,339.8659,2024-12-31
INV00262,118837,1108.073,117.3472,130029.26,154.0324,2024-12-31
INV00262,118835,2340.304,178.9565,418812.61,199.6736,2024-12-31
INV00262,118838,25.302,247.6933,6267.14,442.7188,2024-12-31
INV00262,125497,1408.869,38.7623,54611.0,51.147,2024-12-31
INV00263,118837,1534.28,238.3724,365730.01,336.5447,2024-12-31
INV00264,125497,1454.054,125.594,182620.46,175.424,2024-12-31
INV00264,118825,806.328,218.6708,176320.39,239.3523,2024-12-31
INV00265,118838,3974.652,217.6768,865189.53,303.0913,2024-12-31
INV00265,118835,2276.957,135.1357,307698.18,148.7489,2024-12-31
INV00266,118837,781.282,208.3671,162793.46,173.0293,2024-12-31
INV00266,119551,3631.519,143.8636,522443.4,137.9008,2024-12-31
INV00266,120503,4590.049,208.392,956529.49,328.2819,2024-12-31
INV00267,118844,1899.669,176.104,334539.31,164.9723,2024-12-31
INV00267,118839,2564.806,190.9159,489662.25,204.0804,2024-12-31
INV00268,120841,3993.485,43.3894,173274.92,74.3712,2024-12-31
INV00268,120503,4136.023,218.2576,902718.45,341.4062,2024-12-31
INV00268,118836,95.758,237.1573,22709.71,236.2088,2024-12-31
INV00268,118834,3712.967,240.9969,894813.54,251.6632,2024-12-31
INV00269,118834,2579.236,181.6802,468596.11,222.7532,2024-12-31
INV00269,118846,2657.603,149.9534,398516.61,264.8819,2024-12-31
INV00269,118844,1386.399,158.5187,219770.17,264.6097,2024-12-31
INV00269,118840,3426.725,271.6704,930939.75,487.943,2024-12-31
INV00270,125497,849.98,276.6649,235159.63,387.2594,2024-12-31
INV00271,118825,4556.124,131.6545,599834.23,112.5969,2024-12-31
INV00271,118839,3796.781,129.773,492719.66,219.6926,2024-12-31
INV00271,120503,1522.599,222.6184,338958.55,235.3675,2024-12-31
INV00272,118846,3245.267,217.5248,705926.06,177.0611,2024-12-31
INV00272,118835,2220.684,188.4652,418521.65,270.8323,2024-12-31
INV00272,118836,4756.941,70.5425,335566.51,117.3803,2024-12-31
INV00272,120841,1154.284,128.8516,148731.34,217.5537,2024-12-31
INV00273,118837,478.556,287.6151,137639.93,362.7086,2024-12-31
INV00274,118835,108.597,250.9098,27248.05,270.2325,2024-12-31
INV00275,118835,712.965,99.5088,70946.29,178.7972,2024-12-31
INV00275,118839,4750.844,221.1642,1050716.61,340.1582,2024-12-31
INV00275,118834,3084.388,296.7669,915344.27,406.9833,2024-12-31
INV00275,120841,3485.167,275.4131,959860.65,313.5934,2024-12-31
INV00276,118834,1668.415,290.1968,484168.69,310.2804,2024-12-31
INV00276,118837,2161.685,40.3272,87174.7,56.5469,2024-12-31
INV00276,118843,808.315,253.6269,205010.43,437.2681,2024-12-31
INV00276,120503,200.585,10.482,2102.53,15.288,2024-12-31
INV00277,125497,3415.965,14.3025,48856.84,16.1023,2024-12-31
INV00277,119092,127.379,130.81,16662.45,197.4886,2024-12-31
INV00277,118837,3568.141,298.4058,1064753.97,467.7428,2024-12-31
INV00277,118825,4631.451,191.9579,889043.61,300.1687,2024-12-31
INV00277,119551,3874.49,245.9196,952813.03,347.7381,2024-12-31
INV00278,118845,4397.187,265.7258,1168446.03,275.0252,2024-12-31
INV00278,120503,1794.631,195.9025,351572.7,319.0351,2024-12-31
INV00278,118825,2559.609,235.0074,601527.06,353.1475,2024-12-31
INV00278,118834,3454.157,253.5261,875718.95,225.5631,2024-12-31
INV00278,118846,124.928,179.8333,22466.21,195.0342,2024-12-31
INV00279,118837,1281.055,27.7629,35565.8,46.0848,2024-12-31
INV00279,118841,145.38,43.9907,6395.37,52.2757,2024-12-31
INV00279,118632,501.305,215.8743,108218.87,337.6552,2024-12-31
INV00279,118844,4414.121,106.5593,470365.64,129.5512,2024-12-31
INV00279,118825,392.643,130.1526,51103.51,107.8059,2024-12-31
INV00280,118845,933.781,215.0866,200843.78,305.8514,2024-12-31
INV00280,118839,4238.489,147.7057,626048.98,133.6711,2024-12-31
INV00280,118842,2412.2,286.5244,691154.16,274.5168,2024-12-31
INV00280,119551,2699.375,104.8571,283048.63,183.7278,2024-12-31
INV00281,118844,3679.732,155.7298,573043.93,169.7993,2024-12-31
INV00281,118632,2052.581,201.824,414260.11,272.7879,2024-12-31
INV00281,120503,2125.697,77.7765,165329.27,139.886,2024-12-31
INV00281,118838,4804.852,113.1,543428.76,104.8124,2024-12-31
INV00282,118840,3523.276,166.5387,586761.8,234.8676,2024-12-31
INV00282,118841,4712.69,103.175,486231.79,158.9882,2024-12-31
INV00282,118839,4612.677,45.6093,210380.97,40.1834,2024-12-31
INV00283,118846,1044.817,16.028,16746.33,23.052,2024-12-31
INV00283,118632,4556.763,51.928,236623.59,57.3274,2024-12-31
INV00283,118845,2128.114,254.5123,541631.19,356.7622,2024-12-31
INV00283,118838,3114.528,201.895,628807.63,279.8002,2024-12-31
INV00284,118845,2141.881,237.9809,509726.77,384.5323,2024-12-31
INV00284,118841,263.782,145.5344,38389.36,141.856,2024-12-31
INV00284,118840,4030.821,44.5507,179575.9,72.2505,2024-12-31
INV00284,118843,68.875,43.1686,2973.24,45.0576,2024-12-31
INV00285,118840,222.79,169.9696,37867.53,187.8129,2024-12-31
INV00285,118835,24.024,30.3613,729.4,27.3507,2024-12-31
INV00285,120503,1854.392,150.5637,279204.12,216.4587,2024-12-31
INV00285,118836,2410.691,30.1738,72739.71,30.8479,2024-12-31
INV00285,118842,4655.362,200.9188,935349.75,262.752,2024-12-31
INV00286,119551,1891.32,208.3182,393996.38,313.6001,2024-12-31
INV00286,118843,1455.392,77.0078,112076.54,73.3196,2024-12-31
INV00286,125497,605.329,67.0692,40598.93,56.6139,2024-12-31
INV00286,118835,3948.004,240.3347,948842.36,223.1227,2024-12-31
INV00286,118838,2854.669,195.3067,557535.98,283.102,2024-12-31
INV00287,120503,2260.182,77.5968,175382.89,77.4686,2024-12-31
INV00287,118834,2804.591,289.7513,812633.89,304.799,2024-12-31
INV00287,118838,810.026,145.3925,117771.71,126.9936,2024-12-31
INV00288,118846,1956.028,198.3743,388025.69,322.3413,2024-12-31
INV00289,118834,3288.015,93.4143,307147.62,127.7087,2024-12-31
INV00289,118838,250.074,121.7685,30451.14,104.9561,2024-12-31
INV00289,118632,3524.141,136.0365,479411.81,145.0557,2024-12-31
INV00289,118837,459.888,89.0064,40932.98,96.9531,2024-12-31
INV00290,118844,1641.632,181.9094,298628.29,207.5458,2024-12-31
INV00290,118834,3433.627,252.603,867344.48,352.6611,2024-12-31
INV00290,118835,4182.484,17.2072,71968.84,28.2591,2024-12-31
INV00290,118843,1167.701,132.4587,154672.16,183.3721,2024-12-31
INV00291,118839,2176.319,279.654,608616.31,495.0953,2024-12-31
INV00291,120503,4505.973,30.426,137098.73,49.8026,2024-12-31
INV00292,118843,3122.945,154.8324,483533.07,273.4447,2024-12-31
INV00292,120841,4437.257,223.4217,991379.5,230.8774,2024-12-31
INV00292,118632,2672.219,191.0808,510609.74,286.6699,2024-12-31
INV00292,120503,4122.487,76.6117,315830.74,81.3421,2024-12-31
INV00292,118837,589.95,133.7626,78913.25,200.2535,2024-12-31
INV00293,118839,1735.88,100.9497,175236.57,90.2344,2024-12-31
INV00294,120841,3077.762,67.0915,206491.67,104.8827,2024-12-31
INV00294,125497,2559.577,76.5373,195903.11,82.2368,2024-12-31
INV00294,118845,4377.478,278.2542,1218051.64,330.1673,2024-12-31
INV00294,118840,246.656,53.5852,13217.11,44.6484,2024-12-31
INV00294,118846,4567.692,168.5809,770025.63,158.7353,2024-12-31
INV00295,120841,3410.898,32.1315,109597.27,31.899,2024-12-31
INV00295,118839,2533.342,118.4994,300199.51,136.8166,2024-12-31
INV00295,118841,2011.95,92.6626,186432.52,77.6328,2024-12-31
INV00296,118843,2647.495,241.9789,640637.93,337.6203,2024-12-31
INV00296,118841,413.147,145.3891,60067.07,117.1746,2024-12-31
INV00296,118632,3838.3,268.0551,1028875.89,326.8492,2024-12-31
INV00297,118835,3688.785,295.6931,1090748.27,517.5927,2024-12-31
INV00297,118838,2142.339,276.4032,592149.36,343.0453,2024-12-31
INV00297,118843,145.983,33.3349,4866.33,33.8306,2024-12-31
INV00298,118632,51.729,132.1403,6835.49,153.4192,2024-12-31
INV00298,120841,1975.431,40.4838,79972.95,48.7779,2024-12-31
INV00298,125497,3231.373,62.9082,203279.86,93.3697,2024-12-31
INV00299,118845,1915.7,88.3094,169174.32,142.2865,2024-12-31
INV00299,118844,3595.755,47.6627,171383.39,81.0613,2024-12-31
INV00299,118838,3012.208,101.9327,307042.49,159.6303,2024-12-31
INV00300,119092,194.319,195.1577,37922.85,312.532,2024-12-31
INV00300,118835,1259.757,124.809,157229.01,208.8973,2024-12-31
INV00300,118834,4569.102,125.8584,575059.87,213.4502,2024-12-31
INV00301,119092,464.802,282.8457,131467.25,300.6434,2024-12-31
INV00301,118838,1127.814,167.2248,188598.47,182.4624,2024-12-31
INV00301,118834,1115.572,19.708,21985.69,16.4871,2024-12-31
INV00302,118846,2248.921,95.2014,214100.43,151.6126,2024-12-31
INV00302,120503,2186.796,35.4583,77540.07,32.2359,2024-12-31
INV00302,118836,1107.241,173.6933,192320.34,150.6751,2024-12-31
INV00303,118835,2547.844,147.1801,374991.93,130.3258,2024-12-31
INV00303,118840,2266.076,186.7838,423266.29,261.773,2024-12-31
INV00303,119092,2450.788,238.756,585140.34,211.5207,2024-12-31
INV00303,118842,4129.753,213.9811,883689.09,286.3657,2024-12-31
INV00303,120841,1013.627,79.3915,80473.37,80.2754,2024-12-31
INV00304,118838,356.594,113.1857,40361.34,105.375,2024-12-31
INV00304,118846,702.975,212.395,149308.38,202.6083,2024-12-31
INV00304,118841,653.882,253.6203,165837.75,360.2453,2024-12-31
INV00304,118839,505.527,152.0762,76878.63,266.254,2024-12-31
INV00305,120503,445.922,59.9254,26722.05,50.6893,2024-12-31
INV00306,118837,917.108,181.3014,166272.96,244.0416,2024-12-31
INV00306,118632,3560.142,169.5917,603770.53,173.2667,2024-12-31
INV00306,118841,3482.215,36.6272,127543.79,48.0063,2024-12-31
INV00307,118844,178.161,50.1087,8927.42,56.3275,2024-12-31
INV00307,118834,1989.078,83.6813,166448.63,129.0112,2024-12-31
INV00307,118838,1937.596,193.3735,374679.72,231.3453,2024-12-31
INV00307,118836,4511.055,274.2708,1237250.66,460.1835,2024-12-31
INV00308,120503,2558.774,187.0175,478535.52,326.8114,2024-12-31
INV00309,118632,4668.915,10.9091,50933.66,17.1522,2024-12-31
INV00309,118837,3517.876,272.5839,958916.36,330.6454,2024-12-31
INV00309,118842,770.917,165.6522,127704.1,161.7497,2024-12-31
INV00309,125497,3842.107,105.3134,404625.35,120.6533,2024-12-31
INV00309,118844,2549.965,102.7472,262001.76,101.7774,2024-12-31
INV00310,118825,2801.844,160.497,449687.56,171.0176,2024-12-31
INV00310,118837,4954.923,175.7891,871021.45,157.0358,2024-12-31
INV00311,118836,3562.018,55.3836,197277.38,87.181,2024-12-31
INV00311,118835,1345.976,246.3404,331568.27,272.8771,2024-12-31
INV00311,118840,4986.238,154.8627,772182.28,259.4845,2024-12-31
INV00312,125497,3994.188,271.6962,1085205.7,449.1937,2024-12-31
INV00312,118841,4740.814,249.5058,1182860.59,221.5534,2024-12-31
INV00312,118825,3218.152,19.7339,63506.69,35.426,2024-12-31
INV00312,118632,3872.183,234.3035,907266.03,338.435,2024-12-31
INV00313,118845,4312.882,167.3843,721908.73,210.5384,2024-12-31
INV00313,118834,1079.843,275.5131,297510.89,431.4468,2024-12-31
INV00314,125497,4971.012,201.0639,999491.06,228.0552,2024-12-31
INV00314,120503,4868.934,284.6209,1385800.38,318.028,2024-12-31
INV00314,118834,1836.98,195.7291,359550.44,345.9477,2024-12-31
INV00314,120841,1192.299,65.0181,77521.02,76.4556,2024-12-31
INV00315,118841,4957.558,239.5053,1187361.42,303.6509,2024-12-31
INV00316,118842,767.169,131.6989,101035.31,153.8208,2024-12-31
INV00316,118840,2387.915,275.6991,658346.02,230.3689,2024-12-31
INV00316,118837,96.776,49.427,4783.35,44.0114,2024-12-31
INV00316,118846,2995.708,105.9833,317495.02,161.0794,2024-12-31
INV00316,118834,1855.582,249.9682,463836.49,365.3757,2024-12-31
INV00317,118839,4327.774,105.4764,456478.02,91.2374,2024-12-31
INV00317,118843,3852.791,195.0008,751297.33,210.5367,2024-12-31
INV00318,118838,4421.257,274.9172,1215479.59,339.6002,2024-12-31
INV00318,120841,3402.822,256.8081,873872.25,452.3957,2024-12-31
INV00318,118839,4960.045,65.0019,322412.35,101.2527,2024-12-31
INV00319,118844,2232.559,59.487,132808.24,52.0091,2024-12-31
INV00319,118825,990.191,63.7013,63076.45,82.4686,2024-12-31
INV00320,120841,1512.254,168.7184,255145.08,136.554,2024-12-31
INV00320,119551,133.898,89.2859,11955.2,90.7844,2024-12-31
INV00321,118835,4103.822,154.9982,636085.02,236.4031,2024-12-31
INV00321,118839,4007.499,254.6236,1020403.82,331.0768,2024-12-31
INV00321,125497,2472.587,150.3979,371871.89,161.8351,2024-12-31
INV00322,118825,2343.638,58.5373,137190.24,48.065,2024-12-31
INV00322,118835,4318.662,164.3871,709932.32,247.3945,2024-12-31
INV00323,118834,4549.567,52.2643,237779.93,70.6926,2024-12-31
INV00323,118842,760.657,206.8024,157305.69,283.5825,2024-12-31
INV00323,118839,1543.618,171.6496,264961.41,233.2511,2024-12-31
INV00324,118838,1848.313,169.8751,313982.36,209.5629,2024-12-31
INV00324,118845,4401.355,193.0966,849886.69,335.8676,2024-12-31
INV00324,118839,3396.664,177.6104,603282.85,311.6058,2024-12-31
INV00324,118846,4826.422,281.5076,1358674.47,226.0766,2024-12-31
INV00325,118632,1106.658,232.6118,257421.71,336.7963,2024-12-31
INV00325,120503,1977.386,71.7666,141910.27,65.1702,2024-12-31
INV00325,118840,927.348,256.8378,238178.02,396.6759,2024-12-31
INV00325,120841,4015.183,90.2042,362186.37,140.9508,2024-12-31
INV00326,118836,4413.1,121.1882,534815.65,177.4251,2024-12-31
INV00326,118845,1676.418,212.4262,356115.11,172.3315,2024-12-31
INV00326,118837,3324.669,153.2778,509597.95,221.8061,2024-12-31
INV00326,118839,1405.719,222.7536,313128.97,195.9137,2024-12-31
INV00327,120503,2046.711,257.1183,526246.85,241.8912,2024-12-31
INV00327,118845,3665.264,94.8464,347637.1,125.3624,2024-12-31
INV00328,118842,382.986,171.4605,65666.97,255.1918,2024-12-31
INV00328,118836,837.519,102.8958,86177.19,110.8479,2024-12-31
INV00328,118845,3189.271,74.6379,238040.49,129.453,2024-12-31
INV00329,118842,3097.388,33.8785,104934.86,44.4569,2024-12-31
INV00329,118838,1542.607,182.9415,282206.84,208.7376,2024-12-31
INV00329,118835,68.877,50.7818,3497.7,77.7266,2024-12-31
INV00330,118632,3314.375,173.0269,573476.03,214.3094,2024-12-31
INV00330,118844,1886.125,34.749,65540.96,41.0047,2024-12-31
INV00330,118838,1584.464,11.593,18368.69,19.6988,2024-12-31
INV00331,118846,2115.906,173.6347,367394.7,279.7277,2024-12-31
INV00331,119092,2331.111,170.7821,398112.03,297.4917,2024-12-31
INV00331,118836,308.843,221.8067,68503.45,326.4506,2024-12-31
INV00331,120503,2134.92,233.7845,499111.2,321.8858,2024-12-31
INV00331,118841,2630.262,13.8328,36383.89,20.9389,2024-12-31
INV00332,118842,1282.249,14.5176,18615.18,23.1656,2024-12-31
INV00332,118843,3889.403,78.871,306761.1,73.4554,2024-12-31
INV00332,120841,4215.042,88.0224,371018.11,123.413,2024-12-31
INV00332,125497,4889.781,95.7346,468121.23,107.3166,2024-12-31
INV00333,118843,1859.365,32.4479,60332.49,39.136,2024-12-31
INV00333,118632,4176.355,96.5036,403033.29,136.6681,2024-12-31
INV00334,120841,182.243,69.913,12741.15,62.574,2024-12-31
INV00334,118845,296.506,50.3764,14936.9,61.1696,2024-12-31
INV00334,118837,1159.633,259.9682,301467.7,304.2146,2024-12-31
INV00334,118846,3003.061,231.9045,696423.36,296.7705,2024-12-31
INV00335,118845,1536.829,192.0832,295199.03,328.1275,2024-12-31
INV00335,118843,2548.673,284.7572,725752.99,358.0644,2024-12-31
INV00336,118838,96.526,289.3046,27925.42,459.9332,2024-12-31
INV00337,118838,3559.267,223.297,794773.64,398.1793,2024-12-31
INV00337,118845,4086.289,205.7034,840563.54,181.5529,2024-12-31
INV00337,118842,2646.842,191.3534,506482.22,277.7055,2024-12-31
INV00337,118846,544.162,83.6646,45527.1,95.7118,2024-12-31
INV00338,118835,3515.26,164.945,579824.56,295.2231,2024-12-31
INV00338,118840,1810.671,24.998,45263.15,33.6519,2024-12-31
INV00338,118838,994.446,138.7204,137949.95,223.8435,2024-12-31
INV00338,125497,692.695,247.9201,171733.01,422.4701,2024-12-31
INV00338,118632,1262.758,49.3721,62345.01,40.6646,2024-12-31
INV00339,118835,474.615,218.1467,103535.7,338.2576,2024-12-31
INV00339,120841,2520.82,188.1906,474394.63,179.5338,2024-12-31
INV00339,119092,2258.682,82.2961,185880.72,131.727,2024-12-31
INV00340,118844,179.939,16.4171,2954.08,17.0676,2024-12-31
INV00340,118836,3504.889,50.3254,176384.94,49.0474,2024-12-31
INV00340,118846,1628.328,101.9053,165935.25,83.9172,2024-12-31
INV00340,118838,1539.29,211.9415,326239.43,174.9223,2024-12-31
INV00341,119092,171.079,266.2025,45541.66,221.716,2024-12-31
INV00341,120503,24.787,198.4308,4918.5,335.6705,2024-12-31
INV00341,118840,1290.992,51.7953,66867.32,60.1742,2024-12-31
INV00341,120841,4714.796,156.7293,738946.68,189.7968,2024-12-31
INV00342,118836,2991.961,123.8538,370565.74,115.975,2024-12-31
INV00343,118837,3112.76,285.5045,888706.99,237.3114,2024-12-31
INV00343,120503,534.473,167.1474,89335.77,188.0693,2024-12-31
INV00344,118839,2454.297,159.7352,392037.62,238.7403,2024-12-31
INV00344,118632,2453.176,47.0951,115532.57,55.4197,2024-12-31
INV00345,120841,1874.908,46.867,87871.31,58.1143,2024-12-31
INV00346,118839,919.816,41.8166,38463.58,69.6509,2024-12-31
INV00346,119551,4519.691,235.8463,1065952.4,375.6178,2024-12-31
INV00346,118835,65.291,159.5226,10415.39,279.2377,2024-12-31
INV00346,120503,4898.57,251.7072,1233005.34,238.2394,2024-12-31
INV00347,120503,1828.57,268.658,491259.96,471.3748,2024-12-31
INV00347,119551,569.74,202.5379,115393.94,274.2421,2024-12-31
INV00347,118825,3220.183,264.7854,852657.44,267.9569,2024-12-31
INV00348,118842,2825.323,138.3566,390902.08,202.1841,2024-12-31
INV00348,118839,4593.763,190.0546,873065.79,225.4974,2024-12-31
INV00348,118836,3760.342,221.3155,832221.97,317.0946,2024-12-31
INV00349,118839,3263.514,210.2899,686284.03,184.9303,2024-12-31
INV00350,118839,3355.564,72.8662,244507.2,90.0236,2024-12-31
INV00350,118846,1123.809,214.9132,241521.39,189.2352,2024-12-31
INV00350,118845,2718.995,183.0117,497607.9,226.9553,2024-12-31
INV00351,118839,1858.662,195.1321,362684.62,254.9034,2024-12-31
INV00351,118844,1600.264,124.2382,198813.92,209.7187,2024-12-31
INV00351,120841,4682.506,133.5732,625457.31,152.7228,2024-12-31
INV00351,118836,3919.03,95.951,376034.85,125.7091,2024-12-31
INV00352,118837,161.744,110.3662,17851.07,117.6107,2024-12-31
INV00352,125497,570.981,296.1978,169123.32,295.3208,2024-12-31
INV00352,118836,1004.547,264.15,265351.09,258.278,2024-12-31
INV00353,118841,3999.68,19.3707,77476.6,19.1816,2024-12-31
INV00353,125497,2257.73,278.8096,629476.8,315.6348,2024-12-31
INV00353,118834,1400.652,59.0047,82645.05,102.9917,2024-12-31
INV00354,125497,1257.572,55.1963,69413.32,44.4856,2024-12-31
INV00355,118843,156.276,226.5932,35411.08,319.3958,2024-12-31
INV00355,118845,86.391,85.6418,7398.68,81.3422,2024-12-31
INV00355,125497,4666.828,257.1967,1200292.76,317.957,2024-12-31
INV00356,118839,2085.412,66.1802,138012.98,94.3197,2024-12-31
INV00356,118841,2612.754,48.3781,126400.07,64.7315,2024-12-31
INV00357,118846,4343.604,12.0737,52443.37,18.0678,2024-12-31
INV00357,118837,486.3,53.3889,25963.02,48.5845,2024-12-31
INV00358,118842,2568.175,116.8822,300173.94,160.0937,2024-12-31
INV00358,118839,2027.997,193.0973,391600.75,169.3871,2024-12-31
INV00359,118842,4618.666,263.3501,1216326.15,355.8389,2024-12-31
INV00360,119551,845.251,42.6213,36025.7,36.4289,2024-12-31
INV00361,118825,1566.008,217.8557,341163.77,256.3226,2024-12-31
INV00361,119551,3336.012,16.2783,54304.6,25.1889,2024-12-31
INV00361,118834,1514.532,63.9354,96832.21,111.1178,2024-12-31
INV00361,120503,3792.549,25.8809,98154.58,32.8006,2024-12-31
INV00361,118839,4477.832,89.9967,402990.1,81.0416,2024-12-31
INV00362,118841,662.648,244.6212,162097.75,338.8045,2024-12-31
INV00362,120841,4659.855,179.3008,835515.73,153.564,2024-12-31
INV00362,118838,2156.5,10.3555,22331.64,13.5781,2024-12-31
INV00362,119551,992.893,194.1271,192747.44,316.3347,2024-12-31
INV00363,118834,1876.257,65.4458,122793.14,91.0526,2024-12-31
INV00364,118632,4185.642,232.5218,973253.01,219.2258,2024-12-31
INV00364,119092,1365.218,298.5559,407593.89,419.7361,2024-12-31
INV00364,118843,1160.231,33.9736,39417.22,38.8762,2024-12-31
INV00365,118825,2165.0,67.4518,146033.15,61.7619,2024-12-31
INV00366,118845,3139.074,271.0143,850733.94,462.3619,2024-12-31
INV00366,118839,3419.69,222.9874,762547.78,280.6196,2024-12-31
INV00366,118838,310.672,168.4735,52340.0,192.4651,2024-12-31
INV00367,118842,1316.0,227.2717,299089.56,280.2391,2024-12-31
INV00367,118839,1871.508,42.2501,79071.4,51.8457,2024-12-31
INV00367,118834,153.216,60.0849,9205.97,60.682,2024-12-31
INV00368,118845,4799.907,25.587,122815.22,27.3092,2024-12-31
INV00368,118825,3569.876,211.0428,753396.63,373.0499,2024-12-31
INV00369,119092,2148.451,222.5136,478059.57,334.9498,2024-12-31
INV00369,120841,2378.498,266.3809,633586.44,414.4959,2024-12-31
INV00369,118844,4276.994,85.1279,364091.52,95.2553,2024-12-31
INV00370,118632,3183.724,286.4392,911943.36,370.4736,2024-12-31
INV00370,118842,4525.908,295.0962,1335578.25,265.0797,2024-12-31
INV00371,118843,2704.312,141.6405,383040.1,248.1483,2024-12-31
INV00371,118844,3837.987,108.675,417093.24,92.1046,2024-12-31
INV00371,118842,3133.688,32.8369,102900.6,31.8886,2024-12-31
INV00371,120841,1052.235,262.4349,276143.19,344.6059,2024-12-31
INV00372,118840,791.311,75.9113,60069.45,89.2702,2024-12-31
INV00372,118846,572.623,293.0041,167780.89,516.0282,2024-12-31
INV00373,118845,995.007,52.8175,52553.78,60.2969,2024-12-31
INV00373,118837,2851.47,63.9589,182376.88,64.8134,2024-12-31
INV00374,118834,1791.865,37.0586,66404.01,56.6537,2024-12-31
INV00374,119092,1682.394,199.9313,336363.22,352.5068,2024-12-31
INV00374,118837,2839.173,238.1842,676246.15,229.5938,2024-12-31
INV00374,118632,4716.653,24.3763,114974.55,33.0978,2024-12-31
INV00374,120503,567.168,211.3336,119861.66,262.926,2024-12-31
INV00375,118846,4585.391,74.0011,339323.98,99.6904,2024-12-31
INV00375,118844,3155.482,39.0768,123306.14,60.3448,2024-12-31
INV00375,118837,1114.183,268.9334,299641.02,277.4198,2024-12-31
INV00375,120503,119.298,124.6503,14870.53,123.5509,2024-12-31
INV00375,118843,2471.089,173.3728,428419.62,208.1503,2024-12-31
INV00376,125497,2015.748,248.7767,501471.14,311.096,2024-12-31
INV00377,120503,3963.149,134.6054,533461.26,158.5203,2024-12-31
INV00377,118842,20.977,177.8761,3731.31,150.8221,2024-12-31
INV00377,118834,1088.5,177.5021,193211.04,184.8166,2024-12-31
INV00377,118836,2909.835,250.8239,729856.16,388.425,2024-12-31
INV00377,118843,3376.093,277.6922,937514.69,239.378,2024-12-31
INV00378,118839,2474.424,176.7828,437435.6,155.7623,2024-12-31
INV00378,119551,3026.684,83.2331,251920.29,80.7861,2024-12-31
INV00378,118845,1658.419,210.7816,349564.21,307.8136,2024-12-31
INV00379,125497,2433.384,71.0247,172830.37,104.2257,2024-12-31
INV00380,118836,4268.396,177.4844,757573.7,242.5958,2024-12-31
INV00381,120503,1493.531,272.1301,406434.74,277.3624,2024-12-31
INV00381,118837,500.915,270.5868,135540.99,385.9367,2024-12-31
INV00381,118845,2152.841,18.0596,38879.45,20.6817,2024-12-31
INV00381,118846,534.662,208.9373,111710.83,179.0992,2024-12-31
INV00381,119092,1574.346,284.0534,447198.33,283.3467,2024-12-31
INV00382,125497,1857.389,71.0141,131900.81,111.2975,2024-12-31
INV00382,118834,1745.663,164.4095,287003.58,231.3508,2024-12-31
INV00382,118840,635.955,169.4156,107740.7,200.5692,2024-12-31
INV00383,125497,1351.861,159.6644,215844.08,264.4229,2024-12-31
INV00383,118836,1999.119,157.0881,314037.81,171.9311,2024-12-31
INV00383,118632,2032.425,199.7954,406069.17,266.3228,2024-12-31
INV00384,118841,4687.994,80.2024,375988.37,65.3818,2024-12-31
INV00384,118834,4827.979,44.4839,214767.34,43.5295,2024-12-31
INV00384,118844,2353.456,186.0751,437919.56,204.3239,2024-12-31
INV00385,120841,4130.668,252.1074,1041371.97,206.6369,2024-12-31
INV00385,118843,610.369,164.1552,100195.25,266.5558,2024-12-31
INV00385,118632,4798.489,52.0319,249674.5,81.1859,2024-12-31
INV00385,118844,4474.538,42.4196,189808.11,45.7737,2024-12-31
INV00386,118837,4731.174,235.7634,1115437.67,201.974,2024-12-31
INV00386,118825,1782.231,223.7196,398720.01,367.5912,2024-12-31
INV00386,120503,1383.716,248.7992,344267.43,414.4511,2024-12-31
INV00386,118632,739.093,138.4192,102304.66,209.1812,2024-12-31
INV00387,118846,643.792,232.7325,149831.32,250.0736,2024-12-31
INV00387,118845,1409.755,275.286,388085.81,418.5847,2024-12-31
INV00387,119092,1133.246,83.4851,94609.16,149.1252,2024-12-31
INV00387,118843,215.771,105.912,22852.74,93.3677,2024-12-31
INV00388,118836,1965.276,50.418,99085.29,52.8973,2024-12-31
INV00388,120841,1150.92,70.7374,81413.09,65.2711,2024-12-31
INV00388,118841,797.5,130.5075,104079.73,128.0769,2024-12-31
INV00388,118840,4404.698,193.2713,851301.71,207.6942,2024-12-31
INV00388,118842,4471.588,220.6709,986749.35,245.0759,2024-12-31
INV00389,118838,4604.236,234.2562,1078570.83,362.2931,2024-12-31
INV00389,119092,2347.018,275.0594,645569.36,261.7565,2024-12-31
INV00389,118840,353.263,45.8744,16205.73,71.6679,2024-12-31
INV00390,118845,445.306,264.4968,117782.01,316.337,2024-12-31
INV00390,118834,2742.351,191.438,524990.19,313.9884,2024-12-31
INV00390,118835,941.132,147.0389,138383.01,214.5911,2024-12-31
INV00390,118840,4282.53,221.0412,946615.57,365.0029,2024-12-31
INV00391,118842,1698.548,15.4183,26188.72,24.4377,2024-12-31
INV00392,118835,411.107,102.2314,42028.04,159.2601,2024-12-31
INV00392,118844,971.357,131.159,127402.21,194.0441,2024-12-31
INV00392,118825,2439.835,299.6465,731088.02,482.0872,2024-12-31
INV00392,118841,532.15,218.0919,116057.6,263.5012,2024-12-31
INV00393,118834,614.428,166.9771,102595.41,210.334,2024-12-31
INV00393,119092,1752.663,256.4925,449544.91,321.7898,2024-12-31
INV00393,120841,4864.59,202.7977,986527.66,226.5784,2024-12-31
INV00394,119092,3992.556,95.2458,380274.19,142.5658,2024-12-31
INV00394,118842,417.412,249.2538,104041.53,362.2423,2024-12-31
INV00395,118841,126.064,289.3564,36477.43,499.544,2024-12-31
INV00395,118837,1658.966,221.4491,367376.53,258.5584,2024-12-31
INV00395,118839,4953.151,118.2846,585881.48,167.323,2024-12-31
INV00396,118835,3779.822,172.1925,650857.0,169.3641,2024-12-31
INV00397,120841,308.207,136.9385,42205.4,178.3985,2024-12-31
INV00397,118844,4964.927,298.1947,1480514.92,312.7302,2024-12-31
INV00397,125497,1635.387,76.7202,125467.22,82.6538,2024-12-31
INV00398,120841,1121.69,196.7638,220707.99,297.297,2024-12-31
INV00398,119092,2100.814,165.2082,347071.7,246.7398,2024-12-31
INV00399,118825,267.994,177.2716,47507.73,267.3271,2024-12-31
INV00399,125497,1222.387,235.2595,287578.15,254.4345,2024-12-31
INV00399,118837,1790.413,118.2376,211694.14,154.5159,2024-12-31
INV00399,118839,3035.605,97.6487,296422.88,101.4279,2024-12-31
INV00400,120503,1833.06,137.3706,251808.55,191.201,2024-12-31
INV00400,119092,3499.305,151.8973,531534.98,174.2398,2024-12-31
INV00400,118835,1423.01,155.7245,221597.52,165.3612,2024-12-31
INV00400,119551,4271.284,102.7046,438680.51,120.4734,2024-12-31
INV00400,118836,3423.365,253.4165,867537.18,234.7272,2024-12-31
INV00401,118840,2214.349,130.8752,289803.37,125.9466,2024-12-31
INV00401,119551,2169.093,139.1367,301800.44,242.728,2024-12-31
INV00402,118839,2516.029,218.4087,549522.62,245.7635,2024-12-31
INV00403,118835,4062.64,29.4011,119446.08,48.9855,2024-12-31
INV00403,118840,4400.163,93.6717,412170.75,132.2242,2024-12-31
INV00403,118838,1910.662,124.0793,237073.6,218.4785,2024-12-31
INV00403,120841,2116.709,72.3016,153041.45,123.4422,2024-12-31
INV00404,118845,4626.289,262.9592,1216525.25,284.3125,2024-12-31
INV00404,118842,2053.399,27.1964,55845.06,45.1306,2024-12-31
INV00404,118825,4541.706,246.3832,1119000.06,286.2337,2024-12-31
INV00404,119551,827.508,212.9639,176229.33,257.7978,2024-12-31
INV00404,118841,518.164,279.4456,144798.65,261.7381,2024-12-31
INV00405,118842,4401.059,16.2921,71702.49,15.6557,2024-12-31
INV00405,119092,1980.525,215.8316,427459.88,378.692,2024-12-31
INV00405,118825,4894.37,295.8925,1448207.38,420.1007,2024-12-31
INV00406,118841,3695.353,267.5146,988560.88,320.5774,2024-12-31
INV00407,118834,3525.893,16.714,58931.78,16.0706,2024-12-31
INV00407,118837,3563.305,256.2962,913261.53,273.0034,2024-12-31
INV00407,118836,152.087,181.0347,27533.02,201.7249,2024-12-31
INV00407,118843,3967.06,39.9719,158570.93,51.544,2024-12-31
INV00407,119092,978.481,72.6334,71070.4,101.7805,2024-12-31
INV00408,118841,1603.978,256.6475,411656.94,266.1931,2024-12-31
INV00408,119551,2381.532,23.6903,56419.21,28.563,2024-12-31
INV00408,118836,3992.265,179.5727,716901.81,170.5266,2024-12-31
INV00408,118843,2533.629,246.2769,623974.3,376.7083,2024-12-31
INV00408,118825,1714.327,49.7313,85255.71,63.073,2024-12-31
INV00409,118842,1256.335,278.31,349650.59,411.8103,2024-12-31
INV00409,118838,4606.81,237.2643,1093031.55,330.307,2024-12-31
INV00409,125497,3672.89,49.8726,183176.57,55.0596,2024-12-31
INV00409,118839,509.572,143.5154,73131.43,224.5291,2024-12-31
INV00409,118835,3022.179,286.564,866047.7,263.3646,2024-12-31
INV00410,118835,1097.166,281.2533,308581.56,312.2754,2024-12-31
INV00410,118837,2928.369,199.349,583767.43,221.8973,2024-12-31
INV00410,118844,3073.372,279.175,858008.63,314.2911,2024-12-31
INV00410,125497,1063.565,144.8023,154006.66,229.5545,2024-12-31
INV00410,118839,3217.857,205.3287,660718.39,297.1649,2024-12-31
INV00411,118846,3814.028,216.0355,823965.45,197.1645,2024-12-31
INV00411,120503,61.626,11.9764,738.06,16.9521,2024-12-31
INV00411,118835,2675.837,144.5815,386876.53,208.8292,2024-12-31
INV00411,118837,1885.865,208.0972,392443.23,239.5384,2024-12-31
INV00411,119092,3091.133,99.1562,306505.0,88.9572,2024-12-31
INV00412,118825,4126.774,120.8954,498907.99,213.8028,2024-12-31
INV00412,118845,1876.133,287.945,540223.12,477.3167,2024-12-31
INV00412,120841,3058.641,30.6434,93727.16,40.7543,2024-12-31
INV00412,118839,3834.112,217.9912,835802.68,215.9639,2024-12-31
INV00413,118842,3876.717,63.7543,247157.38,101.339,2024-12-31
INV00413,118834,1653.125,91.1302,150649.61,162.7243,2024-12-31
INV00413,119092,237.99,111.7007,26583.65,122.2682,2024-12-31
INV00414,118840,296.184,54.4468,16126.27,65.6335,2024-12-31
INV00414,118842,1257.776,37.6788,47391.49,60.029,2024-12-31
INV00414,118836,4626.047,79.3551,367100.42,70.6509,2024-12-31
INV00414,120503,4618.26,161.6691,746629.94,136.656,2024-12-31
INV00415,118842,711.157,108.1456,76908.5,128.2008,2024-12-31
INV00415,118844,2108.782,63.6677,134261.3,85.3523,2024-12-31
INV00415,118845,4676.178,229.9051,1075077.17,252.3227,2024-12-31
INV00416,120841,3196.713,94.0846,300761.46,165.7926,2024-12-31
INV00416,118844,1895.897,154.715,293323.7,249.9218,2024-12-31
INV00416,118841,2667.903,139.1769,371310.47,146.8197,2024-12-31
INV00416,118846,1461.689,33.6819,49232.46,40.6566,2024-12-31
INV00416,118845,126.671,213.5223,27047.08,374.0024,2024-12-31
INV00417,118842,3213.926,154.0992,495263.43,162.8203,2024-12-31
INV00417,118838,964.375,297.2298,286640.99,458.3379,2024-12-31
INV00418,120503,3896.512,182.3041,710350.11,267.1597,2024-12-31
INV00418,119551,3353.396,122.9586,412328.88,171.8355,2024-12-31
INV00418,118846,3723.949,246.0725,916361.44,317.1883,2024-12-31
INV00419,118838,876.899,71.4744,62675.83,88.4336,2024-12-31
INV00419,118835,2088.741,232.3208,485257.98,323.4972,2024-12-31
INV00419,125497,970.632,96.3287,93499.72,89.96,2024-12-31
INV00420,118845,4326.238,47.6622,206198.02,71.6094,2024-12-31
INV00420,118834,1810.324,262.17,474612.64,230.4408,2024-12-31
INV00420,125497,4006.44,191.6161,767698.41,333.7604,2024-12-31
INV00420,119092,2623.413,246.2097,645909.73,330.7594,2024-12-31
INV00421,118844,2559.339,135.3228,346336.92,189.9555,2024-12-31
INV00422,118845,1260.62,213.8901,269634.14,250.4765,2024-12-31
INV00423,118842,2132.086,72.0753,153670.74,112.3698,2024-12-31
INV00423,120841,1519.512,166.153,252471.48,254.0004,2024-12-31
INV00423,118836,4160.431,180.2266,749820.33,277.2163,2024-12-31
INV00424,118825,2856.849,96.0584,274424.34,138.3052,2024-12-31
INV00424,120503,2183.427,129.1916,282080.43,195.0642,2024-12-31
INV00424,118843,2470.192,205.0,506389.36,232.2111,2024-12-31
INV00425,119092,1132.216,210.4331,238255.72,311.5701,2024-12-31
INV00425,118845,4202.658,23.4189,98421.63,32.6982,2024-12-31
INV00425,118839,2409.336,24.7825,59709.37,22.8927,2024-12-31
INV00425,118846,104.582,155.8265,16296.65,261.6686,2024-12-31
INV00426,118842,3472.911,219.9524,763875.11,244.2837,2024-12-31
INV00426,118843,165.866,130.7834,21692.52,148.7716,2024-12-31
INV00426,118837,4377.935,271.9199,1190447.65,237.4736,2024-12-31
INV00426,125497,410.456,46.1555,18944.8,42.5029,2024-12-31
INV00426,118846,2551.705,51.4662,131326.56,89.2917,2024-12-31
INV00427,118841,734.87,118.879,87360.61,103.4566,2024-12-31
INV00428,118844,116.029,231.5637,26868.1,324.1984,2024-12-31
INV00428,120503,3043.556,288.2984,877452.33,497.5143,2024-12-31
INV00429,118842,1025.223,129.6894,132960.56,107.527,2024-12-31
INV00429,118835,2298.99,140.1576,322220.92,167.2151,2024-12-31
INV00429,118838,1340.721,290.004,388814.45,249.455,2024-12-31
INV00429,119551,884.047,122.4846,108282.14,140.6499,2024-12-31
INV00429,118825,4031.394,60.9396,245671.54,49.0437,2024-12-31
INV00430,118843,409.075,221.5245,90620.13,189.6526,2024-12-31
INV00430,118836,2635.711,53.1501,140088.3,54.0793,2024-12-31
INV00430,118839,2514.015,231.5672,582163.41,230.0156,2024-12-31
INV00431,120841,1030.108,276.9349,285272.86,240.949,2024-12-31
INV00431,119092,4860.37,109.5479,532443.33,96.992,2024-12-31
INV00431,118632,2412.735,199.6044,481592.52,166.3378,2024-12-31
INV00431,118843,4829.101,196.2332,947629.94,189.4745,2024-12-31
INV00432,118835,2506.417,249.3241,624910.16,396.1814,2024-12-31
INV00433,119092,4550.959,46.25,210481.85,72.2344,2024-12-31
INV00433,118844,3682.856,50.2255,184973.28,42.2133,2024-12-31
INV00433,120841,2081.045,268.1568,558046.37,363.5699,2024-12-31
INV00433,120503,4250.315,61.5454,261587.34,106.0631,2024-12-31
INV00433,118835,4053.521,213.6737,866130.83,319.6938,2024-12-31
INV00434,118840,4423.741,33.9216,150060.37,41.029,2024-12-31
INV00434,118844,2778.261,151.4868,420869.87,237.3312,2024-12-31
INV00434,118846,1387.293,262.9379,364771.91,230.9156,2024-12-31
INV00435,118838,613.133,214.7323,131659.46,297.1419,2024-12-31
INV00436,118825,2681.153,255.6104,685330.59,232.0891,2024-12-31
INV00436,120841,684.518,93.4563,63972.52,111.4982,2024-12-31
INV00436,118632,3288.385,286.1024,940814.84,387.862,2024-12-31
INV00437,118844,276.842,144.6737,40051.76,149.7049,2024-12-31
INV00437,118846,2892.989,281.3442,813925.68,399.1368,2024-12-31
INV00437,120503,4640.881,61.4991,285410.0,81.5769,2024-12-31
INV00437,118842,613.06,287.5329,176274.92,231.8538,2024-12-31
INV00438,118838,4648.495,66.8176,310601.28,99.2853,2024-12-31
INV00439,118836,634.573,260.2361,165138.8,294.3627,2024-12-31
INV00439,119092,4983.358,137.3557,684492.63,192.2934,2024-12-31
INV00439,118841,2579.316,22.3735,57708.33,24.7502,2024-12-31
INV00439,118845,2974.722,141.9267,422192.48,184.1625,2024-12-31
INV00439,118834,660.994,72.938,48211.58,59.2742,2024-12-31
INV00440,119092,198.292,68.9783,13677.85,123.56,2024-12-31
INV00440,118836,4695.8,218.4131,1025624.23,344.4561,2024-12-31
INV00440,118843,1873.999,194.6327,364741.49,334.6954,2024-12-31
INV00440,118841,4476.507,202.6954,907367.38,356.3044,2024-12-31
INV00441,118825,3517.711,205.5781,723164.34,310.9529,2024-12-31
INV00441,119092,4713.314,188.9845,890743.29,300.3158,2024-12-31
INV00441,118836,939.431,222.0633,208613.15,307.5858,2024-12-31
INV00441,118845,3746.575,235.9758,884101.03,314.7314,2024-12-31
INV00442,120503,1768.608,275.4495,487162.19,338.2279,2024-12-31
INV00443,118838,4157.636,200.9207,835355.14,202.9552,2024-12-31
INV00444,118837,3968.617,20.2657,80426.8,28.9982,2024-12-31
INV00444,118840,4429.271,255.8944,1133425.64,357.8289,2024-12-31
INV00444,118843,3880.901,86.3319,335045.56,127.3591,2024-12-31
INV00444,118844,3100.728,293.5865,910331.88,340.6646,2024-12-31
INV00444,120503,4429.308,152.7351,676510.8,141.6923,2024-12-31
INV00445,118839,2084.47,208.6226,434867.55,323.2934,2024-12-31
INV00445,118825,2218.865,47.6162,105653.92,82.5004,2024-12-31
INV00445,120503,2390.546,178.2285,426063.43,159.3525,2024-12-31
INV00445,118838,1354.485,56.3603,76339.18,81.7336,2024-12-31
INV00446,118835,4780.434,231.1964,1105219.13,186.6461,2024-12-31
INV00446,118837,2998.811,230.4625,691113.48,336.5877,2024-12-31
INV00446,118844,3775.435,191.0336,721234.94,188.6734,2024-12-31
INV00446,118825,51.819,266.8591,13828.37,336.8673,2024-12-31
INV00446,118632,4381.65,223.0928,977514.57,311.3637,2024-12-31
INV00447,118841,1170.948,231.7725,271393.55,372.2,2024-12-31
INV00447,118838,3431.834,270.0119,926636.02,403.3751,2024-12-31
INV00447,120503,711.124,250.121,177867.05,425.8247,2024-12-31
INV00447,118836,1861.074,206.082,383533.85,270.34,2024-12-31
INV00447,118845,317.793,217.8273,69223.99,274.3079,2024-12-31
INV00448,118845,3017.752,148.2197,447290.3,169.8906,2024-12-31
INV00448,118844,3795.034,165.392,627668.26,201.9365,2024-12-31
INV00448,118838,1493.404,144.6323,215994.46,194.7184,2024-12-31
INV00448,118843,4843.443,103.569,501630.55,121.11,2024-12-31
INV00448,118825,466.69,164.8942,76954.47,224.9927,2024-12-31
INV00449,118834,1022.904,110.4263,112955.5,111.2387,2024-12-31
INV00449,118835,4398.441,224.7633,988608.11,217.8497,2024-12-31
INV00449,118838,1472.374,262.1255,385946.77,229.9083,2024-12-31
INV00450,120503,4862.297,116.8738,568275.13,163.0091,2024-12-31
INV00451,118845,4571.398,227.4972,1039980.25,361.4399,2024-12-31
INV00451,118835,530.446,52.3373,27762.11,50.3198,2024-12-31
INV00451,125497,3458.4,57.6351,199325.23,81.5387,2024-12-31
INV00451,118844,2696.929,225.7065,608714.41,265.3996,2024-12-31
INV00452,118846,1752.54,103.6253,181607.48,111.6199,2024-12-31
INV00453,119551,1916.358,190.1795,364452.01,188.8727,2024-12-31
INV00453,118834,3649.488,119.1226,434736.5,209.8786,2024-12-31
INV00453,118838,331.001,281.7784,93268.93,437.2806,2024-12-31
INV00453,118839,3288.165,222.4516,731457.57,253.3428,2024-12-31
INV00454,118842,2251.01,293.0423,659641.15,312.254,2024-12-31
INV00455,125497,22.7,65.1715,1479.39,76.1101,2024-12-31
INV00456,118839,891.754,129.508,115489.28,176.8256,2024-12-31
INV00456,118846,2596.965,17.9892,46717.32,15.5672,2024-12-31
INV00456,118825,4525.703,296.7109,1342825.41,446.5969,2024-12-31
INV00456,118842,2093.351,144.2234,301910.2,248.9466,2024-12-31
INV00456,119551,2375.18,170.5129,404998.83,173.0592,2024-12-31
INV00457,118846,4362.854,16.9705,74039.81,29.2109,2024-12-31
INV00457,118842,806.525,292.7911,236143.34,254.9687,2024-12-31
INV00457,119092,1774.25,72.7619,129097.8,127.3453,2024-12-31
INV00457,118825,1097.203,135.2264,148370.81,113.5909,2024-12-31
INV00458,118842,1881.44,61.8382,116344.86,96.9823,2024-12-31
INV00458,118825,812.052,166.5253,135227.2,199.825,2024-12-31
INV00458,118840,197.383,39.4594,7788.61,35.9406,2024-12-31
INV00458,118834,767.324,97.0484,74467.57,173.3372,2024-12-31
INV00458,118846,2026.925,92.5031,187496.85,99.0798,2024-12-31
INV00459,118846,1287.134,184.0594,236909.11,171.6505,2024-12-31
INV00459,118840,3168.371,139.7273,442707.93,199.6099,2024-12-31
INV00459,118843,4184.188,214.8198,898846.43,318.5263,2024-12-31
INV00459,125497,2358.418,86.3607,203674.63,101.4576,2024-12-31
INV00460,118825,490.837,96.7265,47476.95,113.5588,2024-12-31
INV00461,118843,3974.481,34.7223,138003.12,61.8274,2024-12-31
INV00461,118846,2360.139,151.8856,358471.13,199.645,2024-12-31
INV00461,119551,3686.389,237.3587,874996.5,338.1396,2024-12-31
INV00462,119092,1411.577,187.4556,264608.01,216.1775,2024-12-31
INV00462,118843,4384.936,144.4399,633359.72,166.7713,2024-12-31
INV00462,118825,1239.178,246.9337,305994.81,302.3241,2024-12-31
INV00462,118836,3423.064,242.8956,831447.18,360.6655,2024-12-31
INV00463,118839,4937.736,228.6907,1129214.3,226.2877,2024-12-31
INV00463,119551,2593.432,178.2913,462386.36,167.2772,2024-12-31
INV00463,118837,546.21,272.2056,148681.42,376.8433,2024-12-31
INV00464,119551,2716.712,287.9544,782289.17,259.9746,2024-12-31
INV00464,118840,4070.657,62.8957,256026.82,59.1338,2024-12-31
INV00465,118837,971.968,105.2488,102298.47,88.0555,2024-12-31
INV00465,120503,3732.739,259.715,969448.31,328.5236,2024-12-31
INV00465,118834,1788.514,102.5561,183423.02,170.3156,2024-12-31
INV00465,118835,3969.25,213.9902,849380.6,335.1855,2024-12-31
INV00465,118632,3666.442,62.7318,230002.51,104.6336,2024-12-31
INV00466,119551,2533.26,278.2526,704886.18,363.687,2024-12-31
INV00467,125497,4499.652,37.2432,167581.44,33.8809,2024-12-31
INV00467,118845,573.425,165.1612,94707.56,246.7116,2024-12-31
INV00468,118846,1842.676,288.72,532017.41,271.3746,2024-12-31
INV00468,118844,1178.653,230.6946,271908.88,323.4928,2024-12-31
INV00468,118836,4822.271,161.7708,780102.64,186.7883,2024-12-31
INV00468,120503,3112.154,179.3241,558084.22,239.1889,2024-12-31
INV00469,125497,1348.098,282.3842,380681.58,451.1153,2024-12-31
INV00469,120503,4540.854,14.1851,64412.47,14.021,2024-12-31
INV00469,118844,481.411,239.9883,115533.01,390.6715,2024-12-31
INV00469,118838,2425.4,218.7881,530648.66,226.9243,2024-12-31
INV00469,118846,1737.596,225.9077,392536.32,302.6411,2024-12-31
INV00470,118838,3603.229,111.2422,400831.12,111.5161,2024-12-31
INV00470,118632,2100.959,180.0483,378274.1,236.9241,2024-12-31
INV00470,120841,2616.311,268.5094,702504.1,362.4562,2024-12-31
INV00470,125497,3363.151,259.076,871311.71,424.9053,2024-12-31
INV00471,120841,468.426,197.4359,92484.11,175.2813,2024-12-31
INV00471,119551,3738.515,110.4733,413006.09,112.8663,2024-12-31
INV00471,118841,2907.964,161.6898,470188.12,136.0182,2024-12-31
INV00472,118838,1445.969,69.2162,100084.48,67.3332,2024-12-31
INV00472,118842,4296.778,242.511,1042015.93,239.6252,2024-12-31
INV00472,118839,3330.696,154.8794,515856.2,171.7916,2024-12-31
INV00472,118835,4460.143,53.1995,237277.38,74.7269,2024-12-31
INV00473,120503,1559.866,231.3729,360910.72,314.9086,2024-12-31
INV00474,118840,2826.705,88.4525,250029.12,106.7882,2024-12-31
INV00475,118841,396.17,202.2211,80113.93,249.1835,2024-12-31
INV00475,120841,3815.139,299.4906,1142598.27,452.8261,2024-12-31
INV00476,118846,820.601,88.6186,72720.51,109.2905,2024-12-31
INV00476,125497,2614.047,116.3691,304194.3,137.0115,2024-12-31
INV00476,118844,2210.942,131.1388,289940.28,184.322,2024-12-31
INV00477,118837,1219.675,19.2606,23491.67,17.4926,2024-12-31
INV00477,118838,3384.153,30.0721,101768.59,30.9078,2024-12-31
INV00477,118836,201.256,21.6686,4360.94,33.431,2024-12-31
INV00477,118632,2763.865,180.3387,498431.82,252.3319,2024-12-31
INV00478,119092,4279.542,83.5435,357527.92,88.1952,2024-12-31
INV00479,118836,1262.602,202.2931,255415.67,175.5435,2024-12-31
INV00479,120841,1693.045,122.2703,207009.12,121.4462,2024-12-31
INV00480,118836,993.121,14.7028,14601.66,14.6322,2024-12-31
INV00480,118839,2548.224,107.5353,274024.03,119.7532,2024-12-31
INV00480,118845,2100.25,251.793,528828.25,419.47,2024-12-31
INV00481,118632,3909.037,296.4848,1158970.05,324.5265,2024-12-31
INV00482,119551,2399.464,288.1598,691429.07,318.6598,2024-12-31
INV00482,118836,570.165,288.3519,164408.16,480.8798,2024-12-31
INV00482,120503,4206.367,112.4144,472856.22,106.9865,2024-12-31
INV00482,118632,2786.798,205.3945,572392.98,204.991,2024-12-31
INV00482,120841,2772.776,138.8881,385105.59,159.654,2024-12-31
INV00483,118844,1790.864,147.5343,264213.87,184.5648,2024-12-31
INV00483,118838,2324.991,230.36,535584.93,229.5642,2024-12-31
INV00483,118840,370.512,223.4714,82798.84,296.5738,2024-12-31
INV00483,125497,1937.513,267.4942,518273.49,268.8523,2024-12-31
INV00483,118841,2224.877,120.1343,267284.04,204.0956,2024-12-31
INV00484,118825,1451.776,28.8456,41877.35,34.4335,2024-12-31
INV00484,118841,1852.023,248.5796,460375.14,350.8391,2024-12-31
INV00484,125497,1646.371,145.9533,240293.28,215.8574,2024-12-31
INV00484,120503,3820.919,52.2927,199806.17,53.9608,2024-12-31
INV00484,118843,3457.948,280.8141,971040.56,479.9375,2024-12-31
INV00485,125497,577.183,57.4505,33159.45,73.7889,2024-12-31
INV00486,118846,2975.894,274.0958,815680.05,454.5179,2024-12-31
INV00487,118834,693.003,84.2503,58385.71,110.4388,2024-12-31
INV00487,118841,990.971,95.0047,94146.9,146.1576,2024-12-31
INV00488,118846,4536.27,45.0103,204178.87,80.1373,2024-12-31
INV00488,120503,4762.55,79.1565,376986.79,75.7616,2024-12-31
INV00489,118825,4009.408,146.0949,585754.06,139.1396,2024-12-31
INV00489,119551,4026.308,92.5821,372764.05,124.6799,2024-12-31
INV00489,118845,4968.679,88.0409,437446.97,93.1251,2024-12-31
INV00490,118837,516.673,202.0397,104388.46,252.1357,2024-12-31
INV00491,118844,288.84,107.9238,31172.71,172.2895,2024-12-31
INV00491,118846,2647.605,23.1712,61348.18,29.3862,2024-12-31
INV00491,118841,907.092,105.438,95641.97,100.5282,2024-12-31
INV00492,118835,3978.888,67.106,267007.26,118.9007,2024-12-31
INV00492,118836,3654.045,268.1031,979660.79,308.1752,2024-12-31
INV00492,118834,4536.346,58.5814,265745.5,97.8575,2024-12-31
INV00492,120503,922.955,237.2633,218983.35,247.5652,2024-12-31
INV00492,125497,3911.658,34.4857,134896.26,41.9141,2024-12-31
INV00493,118839,867.496,195.2478,169376.69,224.749,2024-12-31
INV00494,120503,2294.108,137.9421,316454.08,200.1803,2024-12-31
INV00494,118845,4737.467,74.8025,354374.38,119.1923,2024-12-31
INV00494,118843,2775.314,97.7678,271336.34,140.2442,2024-12-31
INV00494,118846,316.544,25.7646,8155.63,41.781,2024-12-31
INV00495,118842,4449.918,67.111,298638.45,99.5844,2024-12-31
INV00495,118835,4869.529,252.1393,1227799.63,375.2624,2024-12-31
INV00496,125497,3257.215,33.0875,107773.1,58.0035,2024-12-31
INV00496,118838,3991.957,144.1082,575273.74,245.708,2024-12-31
INV00496,118845,2285.154,22.5582,51548.96,23.0682,2024-12-31
INV00496,118834,3573.435,108.2635,386872.58,134.4113,2024-12-31
INV00496,118839,3280.292,130.6952,428718.42,205.0674,2024-12-31
INV00497,118825,4298.658,17.8099,76558.67,17.7006,2024-12-31
INV00497,118839,2892.612,191.947,555228.2,269.7199,2024-12-31
INV00498,118841,3749.277,265.0443,993724.5,415.6438,2024-12-31
INV00498,119551,234.19,162.8798,38144.82,132.9751,2024-12-31
INV00498,120841,1228.319,49.2447,60488.2,44.499,2024-12-31
INV00498,118834,4966.401,286.0242,1420510.87,265.4797,2024-12-31
INV00499,118840,3968.273,286.3601,1136355.05,380.2247,2024-12-31
INV00499,118838,2095.805,223.091,467555.23,284.4016,2024-12-31
INV00499,120841,974.929,76.2321,74320.89,67.452,2024-12-31
INV00499,125497,554.174,183.9084,101917.25,275.9515,2024-12-31
INV00499,119092,3526.259,230.1051,811410.18,404.8497,2024-12-31
INV00500,118839,913.031,255.8581,233606.38,459.1343,2024-12-31
