amfi_code,month_end,aum_cr,folios
100,2022-01-31,1103.17,3756443
100,2022-02-28,1160.41,3741371
100,2022-03-31,1193.45,3521587
100,2022-04-30,1282.63,3048744
100,2022-05-31,1082.88,3866713
100,2022-06-30,1557.98,2875342
100,2022-07-31,1582.67,3591464
100,2022-08-31,1935.35,3699076
100,2022-09-30,1410.45,4766708
100,2022-10-31,1898.51,4680478
100,2022-11-30,1191.28,3522998
100,2022-12-31,1245.91,4067088
100,2023-01-31,1859.61,3492915
100,2023-02-28,1773.22,5023818
100,2023-03-31,2924.28,5009295
100,2023-04-30,3256.61,3932595
100,2023-05-31,3614.62,4683301
100,2023-06-30,3086.25,4690790
100,2023-07-31,3328.41,3848223
100,2023-08-31,1692.79,5137262
100,2023-09-30,5063.42,4758446
100,2023-10-31,5138.34,5306637
100,2023-11-30,1740.97,4877539
100,2023-12-31,4174.03,3887671
100,2024-01-31,2726.31,4604535
100,2024-02-29,9149.31,4060376
100,2024-03-31,2353.93,5949316
100,2024-04-30,4307.53,5916010
100,2024-05-31,4770.06,5891593
100,2024-06-30,4384.61,4910738
100,2024-07-31,16455.84,4481255
100,2024-08-31,13744.94,6191120
100,2024-09-30,1839.02,6396447
100,2024-10-31,7521.63,4743551
100,2024-11-30,5725.84,5611673
100,2024-12-31,10686.0,4847813
100,2025-01-31,7388.13,6300288
100,2025-02-28,3691.95,6373703
100,2025-03-31,3219.71,5168513
100,2025-04-30,5414.68,5929743
100,2025-05-31,7036.1,6148481
100,2025-06-30,9477.57,5646434
100,2025-07-31,5328.17,6930883
100,2025-08-31,36550.61,6101989
100,2025-09-30,14834.04,5746757
100,2025-10-31,21087.86,6471448
100,2025-11-30,9149.3,6920166
100,2025-12-31,4173.41,5932302
101,2022-01-31,213533.36,4305298
101,2022-02-28,212233.86,3677707
101,2022-03-31,205781.06,3323847
101,2022-04-30,253748.25,3550246
101,2022-05-31,237408.46,2826798
101,2022-06-30,257942.04,3101632
101,2022-07-31,308516.14,3398104
101,2022-08-31,256107.02,3968246
101,2022-09-30,234741.85,3319306
101,2022-10-31,409867.42,3369207
101,2022-11-30,337911.95,3138206
101,2022-12-31,477137.59,4328121
101,2023-01-31,439973.58,3593495
101,2023-02-28,471130.97,5009402
101,2023-03-31,435629.89,4987529
101,2023-04-30,458719.87,3477420
101,2023-05-31,659315.71,3881411
101,2023-06-30,635012.01,4810805
101,2023-07-31,407872.83,3971019
101,2023-08-31,639735.08,3876864
101,2023-09-30,434284.81,5550717
101,2023-10-31,513018.86,4891470
101,2023-11-30,786945.28,4762174
101,2023-12-31,481779.16,5455766
101,2024-01-31,726519.05,5571217
101,2024-02-29,857846.1,4402242
101,2024-03-31,626764.31,4284980
101,2024-04-30,1147873.41,5020668
101,2024-05-31,645133.92,5075419
101,2024-06-30,1474228.05,5229759
101,2024-07-31,980330.15,5823557
101,2024-08-31,1058685.42,5781830
101,2024-09-30,565986.18,6470879
101,2024-10-31,902253.53,4769080
101,2024-11-30,1255936.65,5444934
101,2024-12-31,2322635.14,5387993
101,2025-01-31,968884.26,6502428
101,2025-02-28,2654608.12,5339347
101,2025-03-31,761839.74,5292148
101,2025-04-30,1814776.22,5876405
101,2025-05-31,993290.99,5892637
101,2025-06-30,5244949.37,5673411
101,2025-07-31,4909610.42,5685630
101,2025-08-31,2173045.39,7102244
101,2025-09-30,1133299.26,6209422
101,2025-10-31,489764.99,7115554
101,2025-11-30,2776374.54,6560954
101,2025-12-31,2513973.25,5631176
102,2022-01-31,5332.75,3987055
102,2022-02-28,5205.87,4315943
102,2022-03-31,5831.71,4300380
102,2022-04-30,6275.02,4212485
102,2022-05-31,5848.39,2917412
102,2022-06-30,6786.31,3623520
102,2022-07-31,6377.59,3149428
102,2022-08-31,6504.0,3593709
102,2022-09-30,7074.89,2976347
102,2022-10-31,7736.51,3686718
102,2022-11-30,11046.19,4966837
102,2022-12-31,8335.9,3596322
102,2023-01-31,7629.19,4703753
102,2023-02-28,12268.51,4108579
102,2023-03-31,13894.66,4114273
102,2023-04-30,13975.61,5250341
102,2023-05-31,17743.07,5396247
102,2023-06-30,12844.09,4584386
102,2023-07-31,13357.9,4979362
102,2023-08-31,10121.99,3921834
102,2023-09-30,24185.14,4273104
102,2023-10-31,14063.63,5686803
102,2023-11-30,13432.24,4975192
102,2023-12-31,13456.89,4970918
102,2024-01-31,22872.27,5452174
102,2024-02-29,18518.12,4135753
102,2024-03-31,20562.74,5259474
102,2024-04-30,16467.12,5164267
102,2024-05-31,18430.99,5933702
102,2024-06-30,19842.78,4610575
102,2024-07-31,51914.54,6286963
102,2024-08-31,7791.08,4595324
102,2024-09-30,33097.7,4874198
102,2024-10-31,52732.93,5762314
102,2024-11-30,7915.78,5990117
102,2024-12-31,27557.16,5179795
102,2025-01-31,60331.82,5018857
102,2025-02-28,18429.23,6622609
102,2025-03-31,40880.75,5404161
102,2025-04-30,17184.6,6168216
102,2025-05-31,37905.28,6287637
102,2025-06-30,106472.2,5954771
102,2025-07-31,159759.82,6353362
102,2025-08-31,52932.91,6301278
102,2025-09-30,14799.47,7192573
102,2025-10-31,35886.88,5801375
102,2025-11-30,9488.59,6892687
102,2025-12-31,39695.93,6007371
103,2022-01-31,2762.14,3658380
103,2022-02-28,2701.97,2977945
103,2022-03-31,2955.07,3080001
103,2022-04-30,2949.08,4018823
103,2022-05-31,3899.83,2729876
103,2022-06-30,3622.41,3568808
103,2022-07-31,4067.44,4718842
103,2022-08-31,3990.0,4783822
103,2022-09-30,4561.43,3005598
103,2022-10-31,5158.55,3355081
103,2022-11-30,4453.64,3526621
103,2022-12-31,4106.03,4932434
103,2023-01-31,3855.91,4897340
103,2023-02-28,8112.29,4957103
103,2023-03-31,6776.94,4007312
103,2023-04-30,2821.7,3651199
103,2023-05-31,5468.71,5072892
103,2023-06-30,7165.84,4879929
103,2023-07-31,11843.5,4765900
103,2023-08-31,4482.9,5586707
103,2023-09-30,8528.83,4987641
103,2023-10-31,6386.87,3765030
103,2023-11-30,4668.05,5451040
103,2023-12-31,15291.17,4485285
103,2024-01-31,5503.39,5283001
103,2024-02-29,14789.68,5899283
103,2024-03-31,4193.59,4359701
103,2024-04-30,7787.84,4389423
103,2024-05-31,14558.77,4442334
103,2024-06-30,16768.94,5402157
103,2024-07-31,15156.1,4910102
103,2024-08-31,22317.28,5644761
103,2024-09-30,10774.43,5937773
103,2024-10-31,33044.62,4979439
103,2024-11-30,18058.27,5908168
103,2024-12-31,24675.89,5237355
103,2025-01-31,20279.4,5756147
103,2025-02-28,23501.98,6652707
103,2025-03-31,8173.79,6603938
103,2025-04-30,8816.73,5163775
103,2025-05-31,12485.56,5896025
103,2025-06-30,30194.05,5669682
103,2025-07-31,12963.77,5193108
103,2025-08-31,17234.83,6797951
103,2025-09-30,21807.58,6597387
103,2025-10-31,83029.85,5916767
103,2025-11-30,43759.42,6942766
103,2025-12-31,6930.54,6633360
104,2022-01-31,2854.94,2334339
104,2022-02-28,2954.15,2528438
104,2022-03-31,3097.26,4213859
104,2022-04-30,3295.09,4322951
104,2022-05-31,3846.89,3675970
104,2022-06-30,3307.74,4321427
104,2022-07-31,3919.2,3886952
104,2022-08-31,4185.86,3087816
104,2022-09-30,4048.34,3113967
104,2022-10-31,3907.1,3545289
104,2022-11-30,3953.12,4794183
104,2022-12-31,4420.15,4658160
104,2023-01-31,6128.04,4857017
104,2023-02-28,4876.38,4996412
104,2023-03-31,5477.92,3688411
104,2023-04-30,4142.6,3834765
104,2023-05-31,5324.72,3610989
104,2023-06-30,7056.24,5033082
104,2023-07-31,3710.15,5310814
104,2023-08-31,10667.19,4424996
104,2023-09-30,5949.6,4921011
104,2023-10-31,16399.49,4058491
104,2023-11-30,10000.74,5676594
104,2023-12-31,3722.49,5615739
104,2024-01-31,10472.85,5908635
104,2024-02-29,8230.05,5642966
104,2024-03-31,11743.3,5853951
104,2024-04-30,24843.55,4208139
104,2024-05-31,16427.57,5701391
104,2024-06-30,10295.07,4960080
104,2024-07-31,5332.0,6227037
104,2024-08-31,21891.87,6039571
104,2024-09-30,18655.82,6230677
104,2024-10-31,29898.84,6193743
104,2024-11-30,13592.37,5173303
104,2024-12-31,19210.64,6284137
104,2025-01-31,13852.9,4995275
104,2025-02-28,18431.48,6586368
104,2025-03-31,5803.26,6628917
104,2025-04-30,24302.76,5424045
104,2025-05-31,26982.03,6682047
104,2025-06-30,14032.6,6036928
104,2025-07-31,36206.29,5796399
104,2025-08-31,47907.45,6846404
104,2025-09-30,79614.66,5778351
104,2025-10-31,10371.02,5440185
104,2025-11-30,48707.49,5846563
104,2025-12-31,94353.52,6186523
105,2022-01-31,4649.01,4248778
105,2022-02-28,5178.91,2936201
105,2022-03-31,4948.92,3730610
105,2022-04-30,5446.85,3314451
105,2022-05-31,4812.77,4547089
105,2022-06-30,4806.75,3724669
105,2022-07-31,5082.77,4600407
105,2022-08-31,8151.55,3022312
105,2022-09-30,6048.01,4799878
105,2022-10-31,6259.67,3285908
105,2022-11-30,8301.76,4921288
105,2022-12-31,6745.53,3596848
105,2023-01-31,11289.2,3352416
105,2023-02-28,14382.11,4067690
105,2023-03-31,4844.47,4725348
105,2023-04-30,11392.85,3963060
105,2023-05-31,5172.48,4617819
105,2023-06-30,6688.0,4495695
105,2023-07-31,13378.69,4312936
105,2023-08-31,8228.45,4765417
105,2023-09-30,13780.73,4189133
105,2023-10-31,13209.86,5166955
105,2023-11-30,6574.23,3820214
105,2023-12-31,19379.15,5737678
105,2024-01-31,17397.01,5033127
105,2024-02-29,16156.68,5460283
105,2024-03-31,11900.09,5575019
105,2024-04-30,21493.47,5499823
105,2024-05-31,8897.81,4956705
105,2024-06-30,10768.83,4435657
105,2024-07-31,24434.27,5693880
105,2024-08-31,39554.32,5095501
105,2024-09-30,16500.03,5130380
105,2024-10-31,31441.29,6268275
105,2024-11-30,28179.56,6079200
105,2024-12-31,34260.52,5310032
105,2025-01-31,16593.67,5397653
105,2025-02-28,25544.3,5658820
105,2025-03-31,29048.63,5716531
105,2025-04-30,96719.54,5570488
105,2025-05-31,13779.8,5303449
105,2025-06-30,11083.26,5957214
105,2025-07-31,396064.07,7066744
105,2025-08-31,49378.87,6610349
105,2025-09-30,63932.97,7128771
105,2025-10-31,73564.57,6623886
105,2025-11-30,87680.23,6062203
105,2025-12-31,104739.89,6625874
106,2022-01-31,1067.26,2888827
106,2022-02-28,1152.21,3237727
106,2022-03-31,1170.63,3607616
106,2022-04-30,1320.03,3824505
106,2022-05-31,1525.91,3514766
106,2022-06-30,1372.61,3536557
106,2022-07-31,1502.25,3149336
106,2022-08-31,1354.05,3738001
106,2022-09-30,1510.49,4661438
106,2022-10-31,1744.57,4520822
106,2022-11-30,1578.47,3335603
106,2022-12-31,1837.17,3235507
106,2023-01-31,2054.72,4166515
106,2023-02-28,2957.73,4464444
106,2023-03-31,1623.56,3938635
106,2023-04-30,2483.84,4972553
106,2023-05-31,1885.68,4907678
106,2023-06-30,3128.61,4818440
106,2023-07-31,3428.72,3991826
106,2023-08-31,4985.14,4010501
106,2023-09-30,2351.95,3728539
106,2023-10-31,3114.03,4239069
106,2023-11-30,4363.96,4767104
106,2023-12-31,4357.09,5586003
106,2024-01-31,1007.75,4101880
106,2024-02-29,2528.1,4850305
106,2024-03-31,5005.71,5350649
106,2024-04-30,3510.06,4547436
106,2024-05-31,6432.34,5620970
106,2024-06-30,7806.57,5284464
106,2024-07-31,4006.03,4853374
106,2024-08-31,6869.18,5747217
106,2024-09-30,12360.72,4513638
106,2024-10-31,10112.51,6074173
106,2024-11-30,3292.69,6179784
106,2024-12-31,5108.45,4922562
106,2025-01-31,6210.37,5629376
106,2025-02-28,3230.45,5193808
106,2025-03-31,14750.84,6827662
106,2025-04-30,4300.76,6015093
106,2025-05-31,6839.64,5149310
106,2025-06-30,18167.71,5614718
106,2025-07-31,5632.87,6882690
106,2025-08-31,6458.34,6168636
106,2025-09-30,12013.23,6925994
106,2025-10-31,6594.8,6728012
106,2025-11-30,38365.8,7436089
106,2025-12-31,4478.06,6720904
107,2022-01-31,4819.86,4097851
107,2022-02-28,5463.49,3603255
107,2022-03-31,5444.02,3886194
107,2022-04-30,5483.8,3524650
107,2022-05-31,6353.65,4245928
107,2022-06-30,6747.22,3747981
107,2022-07-31,6097.33,4516349
107,2022-08-31,8480.89,4278940
107,2022-09-30,8621.95,3808425
107,2022-10-31,11310.81,3447155
107,2022-11-30,7454.54,3490699
107,2022-12-31,8933.39,4341238
107,2023-01-31,9588.56,4667239
107,2023-02-28,8708.09,4241162
107,2023-03-31,11192.75,4521755
107,2023-04-30,12114.91,3884901
107,2023-05-31,12838.45,3560368
107,2023-06-30,10325.14,4044305
107,2023-07-31,11243.12,4085975
107,2023-08-31,10249.62,4251660
107,2023-09-30,9882.3,4759993
107,2023-10-31,13670.2,4026132
107,2023-11-30,28383.08,4279355
107,2023-12-31,38632.87,5274427
107,2024-01-31,30154.96,5369062
107,2024-02-29,13550.75,4149880
107,2024-03-31,22083.56,4906317
107,2024-04-30,6179.48,5243788
107,2024-05-31,18134.49,5059810
107,2024-06-30,16601.57,4709378
107,2024-07-31,64624.72,5205692
107,2024-08-31,26796.4,6244778
107,2024-09-30,24793.74,5670707
107,2024-10-31,24123.02,5963290
107,2024-11-30,21798.85,6353156
107,2024-12-31,39955.18,6240577
107,2025-01-31,18248.43,5539845
107,2025-02-28,45540.64,4853827
107,2025-03-31,91910.16,5615248
107,2025-04-30,36817.93,6486128
107,2025-05-31,27738.74,6755770
107,2025-06-30,35076.67,7023182
107,2025-07-31,103437.51,6024060
107,2025-08-31,46151.95,6750744
107,2025-09-30,25504.77,6415425
107,2025-10-31,91480.85,6599361
107,2025-11-30,25058.24,5901381
107,2025-12-31,40313.3,5968843
108,2022-01-31,2893.08,2373049
108,2022-02-28,2932.26,3050210
108,2022-03-31,2862.49,3805930
108,2022-04-30,3450.21,3323727
108,2022-05-31,2828.93,2914879
108,2022-06-30,3303.82,3587018
108,2022-07-31,4278.94,2977189
108,2022-08-31,4319.43,4036143
108,2022-09-30,4141.98,2913009
108,2022-10-31,3762.33,3716813
108,2022-11-30,4285.29,4125004
108,2022-12-31,5616.51,3120120
108,2023-01-31,5005.97,4421111
108,2023-02-28,3892.02,3469961
108,2023-03-31,4425.98,4191655
108,2023-04-30,5242.57,3436275
108,2023-05-31,7078.27,4163609
108,2023-06-30,6842.92,3896170
108,2023-07-31,4391.42,4196237
108,2023-08-31,12081.46,5134700
108,2023-09-30,5666.03,4437941
108,2023-10-31,9646.63,5253404
108,2023-11-30,5542.94,5480680
108,2023-12-31,26808.96,4391071
108,2024-01-31,17323.46,4120036
108,2024-02-29,6628.28,4060189
108,2024-03-31,10718.46,5169956
108,2024-04-30,6177.59,6158382
108,2024-05-31,9269.99,4928182
108,2024-06-30,15083.44,5595997
108,2024-07-31,20423.37,5927871
108,2024-08-31,6089.66,5738610
108,2024-09-30,8544.98,6011015
108,2024-10-31,26378.32,6471468
108,2024-11-30,36179.66,5038413
108,2024-12-31,9314.17,4750148
108,2025-01-31,32547.39,5083848
108,2025-02-28,7086.4,5094476
108,2025-03-31,14737.05,6250648
108,2025-04-30,7998.15,6107117
108,2025-05-31,14753.54,5484803
108,2025-06-30,95455.86,6515251
108,2025-07-31,21373.77,6719813
108,2025-08-31,18523.18,5591291
108,2025-09-30,15150.29,6537655
108,2025-10-31,19887.16,6888707
108,2025-11-30,13103.47,5689369
108,2025-12-31,32330.8,7168602
109,2022-01-31,5098.66,2531197
109,2022-02-28,5263.98,2429307
109,2022-03-31,5451.32,3071561
109,2022-04-30,5988.71,3869788
109,2022-05-31,5782.37,4501135
109,2022-06-30,6334.7,3445546
109,2022-07-31,6436.06,4151962
109,2022-08-31,5092.13,2943622
109,2022-09-30,8724.8,4240305
109,2022-10-31,5547.77,4183257
109,2022-11-30,5700.88,3200022
109,2022-12-31,10688.98,4610877
109,2023-01-31,6942.52,4836198
109,2023-02-28,5467.9,4399386
109,2023-03-31,14731.42,3510368
109,2023-04-30,8721.72,5303394
109,2023-05-31,16429.88,4970672
109,2023-06-30,8520.34,4167257
109,2023-07-31,6709.53,4399301
109,2023-08-31,11401.03,4353383
109,2023-09-30,8302.48,4691610
109,2023-10-31,16826.33,4431846
109,2023-11-30,20031.62,5515983
109,2023-12-31,23880.5,5531189
109,2024-01-31,14178.56,4167301
109,2024-02-29,33923.78,5942998
109,2024-03-31,11209.77,5362289
109,2024-04-30,20457.77,5815981
109,2024-05-31,18526.38,5642879
109,2024-06-30,63501.75,5166684
109,2024-07-31,44629.67,5832996
109,2024-08-31,23610.41,6366048
109,2024-09-30,27533.02,5042713
109,2024-10-31,68025.14,6188643
109,2024-11-30,16180.15,5716038
109,2024-12-31,6789.94,5676383
109,2025-01-31,14845.81,5650232
109,2025-02-28,22957.09,6304087
109,2025-03-31,88375.77,5448521
109,2025-04-30,74730.81,6682604
109,2025-05-31,34706.89,6710336
109,2025-06-30,54686.17,5289647
109,2025-07-31,22069.66,6949279
109,2025-08-31,231375.73,5743440
109,2025-09-30,122036.59,6252577
109,2025-10-31,48040.9,6613520
109,2025-11-30,45060.49,6218282
109,2025-12-31,95570.79,5587399
110,2022-01-31,4618.97,2678679
110,2022-02-28,4524.16,2802190
110,2022-03-31,5557.79,4043311
110,2022-04-30,5845.63,3195772
110,2022-05-31,5822.47,4345430
110,2022-06-30,5624.12,4054605
110,2022-07-31,6204.72,3274470
110,2022-08-31,4303.45,2811931
110,2022-09-30,5639.03,4755202
110,2022-10-31,9988.37,3099998
110,2022-11-30,8389.76,4436369
110,2022-12-31,5023.16,4043071
110,2023-01-31,6754.1,4651941
110,2023-02-28,5167.93,4579781
110,2023-03-31,7313.05,4560064
110,2023-04-30,9140.34,4317348
110,2023-05-31,16823.3,4991267
110,2023-06-30,13844.4,3658956
110,2023-07-31,9972.38,3985738
110,2023-08-31,10608.45,4995815
110,2023-09-30,8885.17,4292100
110,2023-10-31,20248.29,4912495
110,2023-11-30,22840.31,4763353
110,2023-12-31,7642.48,4948371
110,2024-01-31,6482.7,4807231
110,2024-02-29,13367.05,5513293
110,2024-03-31,14862.8,4752701
110,2024-04-30,19810.48,5564276
110,2024-05-31,7079.74,4770095
110,2024-06-30,12609.35,4798517
110,2024-07-31,19034.83,4606717
110,2024-08-31,13007.18,4820269
110,2024-09-30,37615.44,4741658
110,2024-10-31,75974.42,5643972
110,2024-11-30,16931.53,6164071
110,2024-12-31,46690.78,5079687
110,2025-01-31,20803.56,5211853
110,2025-02-28,14256.23,5810432
110,2025-03-31,17332.3,6360900
110,2025-04-30,55448.43,6932392
110,2025-05-31,19662.28,6098147
110,2025-06-30,23885.87,5682319
110,2025-07-31,13918.77,5387069
110,2025-08-31,63901.86,5643948
110,2025-09-30,58500.35,5778127
110,2025-10-31,146108.94,5751739
110,2025-11-30,74175.26,5488600
110,2025-12-31,66715.54,6598270
111,2022-01-31,212333.12,4263589
111,2022-02-28,218355.38,3484668
111,2022-03-31,232984.89,3842481
111,2022-04-30,260813.11,2767653
111,2022-05-31,235930.13,4321712
111,2022-06-30,324553.67,3633995
111,2022-07-31,306249.56,4467373
111,2022-08-31,399752.18,3939757
111,2022-09-30,253061.4,3797870
111,2022-10-31,259758.95,3809710
111,2022-11-30,369695.51,3364947
111,2022-12-31,369447.55,3168669
111,2023-01-31,336607.49,5017739
111,2023-02-28,281103.7,4154021
111,2023-03-31,385088.79,4912490
111,2023-04-30,466377.36,4137121
111,2023-05-31,298472.32,3553566
111,2023-06-30,417918.36,4731741
111,2023-07-31,580119.41,3649763
111,2023-08-31,714774.33,3910636
111,2023-09-30,496758.25,4805368
111,2023-10-31,417145.45,4357055
111,2023-11-30,646072.55,5804668
111,2023-12-31,586735.09,4123431
111,2024-01-31,333789.12,5485110
111,2024-02-29,568379.53,5234058
111,2024-03-31,550385.49,5672600
111,2024-04-30,793608.48,4609940
111,2024-05-31,547346.67,5273407
111,2024-06-30,630793.27,5196738
111,2024-07-31,814890.93,5250847
111,2024-08-31,1403001.76,6155434
111,2024-09-30,1060694.76,6482611
111,2024-10-31,5656985.15,5183005
111,2024-11-30,469837.88,5881746
111,2024-12-31,2152862.13,5928649
111,2025-01-31,1151113.46,6259262
111,2025-02-28,459229.37,6737215
111,2025-03-31,1011330.39,5327306
111,2025-04-30,436965.29,5401228
111,2025-05-31,1576884.82,6369730
111,2025-06-30,1215367.7,5430435
111,2025-07-31,926511.99,5533644
111,2025-08-31,697502.45,5405843
111,2025-09-30,4259911.08,5328512
111,2025-10-31,1640116.05,6293864
111,2025-11-30,2389009.28,6647926
111,2025-12-31,2444707.83,6112518
112,2022-01-31,2026.36,3728911
112,2022-02-28,2096.98,3783926
112,2022-03-31,2428.46,3355709
112,2022-04-30,2766.03,3889864
112,2022-05-31,2816.16,4432612
112,2022-06-30,2587.23,4227893
112,2022-07-31,2692.83,3972049
112,2022-08-31,3355.24,4113995
112,2022-09-30,2621.33,4726413
112,2022-10-31,4322.69,3779050
112,2022-11-30,3883.25,4085345
112,2022-12-31,3243.87,4361185
112,2023-01-31,3893.41,4952434
112,2023-02-28,4502.52,4851825
112,2023-03-31,3541.67,3411078
112,2023-04-30,5744.3,3667551
112,2023-05-31,6633.06,4020625
112,2023-06-30,4234.84,4970765
112,2023-07-31,4093.84,4680959
112,2023-08-31,4908.67,4189462
112,2023-09-30,3360.48,3928396
112,2023-10-31,2769.45,5126740
112,2023-11-30,4888.92,5216299
112,2023-12-31,3988.69,5771880
112,2024-01-31,14945.97,4957168
112,2024-02-29,5457.66,5009013
112,2024-03-31,9080.08,4252002
112,2024-04-30,5389.52,4238288
112,2024-05-31,20872.7,5092319
112,2024-06-30,7449.09,4940352
112,2024-07-31,4156.62,4866141
112,2024-08-31,13771.91,4617755
112,2024-09-30,11337.87,6426371
112,2024-10-31,21858.68,6244161
112,2024-11-30,9584.59,5790090
112,2024-12-31,12009.99,6610960
112,2025-01-31,3985.77,6778228
112,2025-02-28,22407.47,6186598
112,2025-03-31,13528.13,5450752
112,2025-04-30,12332.81,5059641
112,2025-05-31,11897.58,6561411
112,2025-06-30,11919.2,6057323
112,2025-07-31,31286.85,6489036
112,2025-08-31,7534.65,7087858
112,2025-09-30,32582.11,5686139
112,2025-10-31,4354.47,6563515
112,2025-11-30,3322.3,6729873
112,2025-12-31,71529.32,6513451
113,2022-01-31,1405.29,3010922
113,2022-02-28,1510.95,3044567
113,2022-03-31,1556.05,3787913
113,2022-04-30,1703.07,4230560
113,2022-05-31,1750.63,3244397
113,2022-06-30,2058.35,4039585
113,2022-07-31,1583.22,3298369
113,2022-08-31,2232.32,4682016
113,2022-09-30,2098.97,4486208
113,2022-10-31,1653.4,4028965
113,2022-11-30,2088.05,3905872
113,2022-12-31,1689.27,3694950
113,2023-01-31,1689.33,3782159
113,2023-02-28,2404.33,5138932
113,2023-03-31,3967.62,4076608
113,2023-04-30,3276.47,4364898
113,2023-05-31,4740.74,5381640
113,2023-06-30,3371.56,4788170
113,2023-07-31,5994.81,4627732
113,2023-08-31,6237.4,4438736
113,2023-09-30,2591.52,4054853
113,2023-10-31,4113.39,4472943
113,2023-11-30,3048.4,5329718
113,2023-12-31,4119.79,5137345
113,2024-01-31,10057.29,5476204
113,2024-02-29,3525.31,4428539
113,2024-03-31,2749.57,5189558
113,2024-04-30,2925.48,6013911
113,2024-05-31,4512.14,5104494
113,2024-06-30,46626.02,5692209
113,2024-07-31,14604.34,4608257
113,2024-08-31,1074.17,6381395
113,2024-09-30,6677.17,5720292
113,2024-10-31,4759.83,5050839
113,2024-11-30,14443.38,4956448
113,2024-12-31,3490.0,5811066
113,2025-01-31,3969.42,5883586
113,2025-02-28,5750.25,5028453
113,2025-03-31,5455.88,6896245
113,2025-04-30,15738.32,6805038
113,2025-05-31,7763.43,5971769
113,2025-06-30,23461.12,5351253
113,2025-07-31,5698.62,6850303
113,2025-08-31,23988.39,6252464
113,2025-09-30,4498.94,6756367
113,2025-10-31,21998.89,6410600
113,2025-11-30,8624.52,6007153
113,2025-12-31,31862.33,7199447
114,2022-01-31,4926.79,2802461
114,2022-02-28,5264.7,3480481
114,2022-03-31,6085.49,3214818
114,2022-04-30,5890.02,4358830
114,2022-05-31,5326.8,3601271
114,2022-06-30,6079.37,4410890
114,2022-07-31,7286.31,4449987
114,2022-08-31,6419.22,3344124
114,2022-09-30,9295.1,4439089
114,2022-10-31,9835.4,3758657
114,2022-11-30,9671.84,4864717
114,2022-12-31,11159.9,4081391
114,2023-01-31,8162.75,4776710
114,2023-02-28,14405.69,3764240
114,2023-03-31,13867.9,3865370
114,2023-04-30,10327.65,4509581
114,2023-05-31,6605.81,5403206
114,2023-06-30,5162.48,4452130
114,2023-07-31,17731.68,3839736
114,2023-08-31,7000.33,4689402
114,2023-09-30,9452.77,4369936
114,2023-10-31,17565.0,4853219
114,2023-11-30,8491.75,4903692
114,2023-12-31,47100.37,4797217
114,2024-01-31,18654.31,4599778
114,2024-02-29,36015.32,4398727
114,2024-03-31,31242.36,5486115
114,2024-04-30,4817.42,5302161
114,2024-05-31,30470.43,4695387
114,2024-06-30,21072.95,5846798
114,2024-07-31,21522.4,4452700
114,2024-08-31,23087.87,5924511
114,2024-09-30,47464.14,5913004
114,2024-10-31,73816.97,6195062
114,2024-11-30,12149.08,5411849
114,2024-12-31,30051.78,6036765
114,2025-01-31,79344.94,6420579
114,2025-02-28,27034.4,6803671
114,2025-03-31,38352.47,5902388
114,2025-04-30,40867.01,5053217
114,2025-05-31,183652.1,6053456
114,2025-06-30,69210.67,6296682
114,2025-07-31,211628.21,6925418
114,2025-08-31,177298.38,7004094
114,2025-09-30,36380.6,6203773
114,2025-10-31,60379.2,6444758
114,2025-11-30,295543.4,6374160
114,2025-12-31,17815.18,6974887
115,2022-01-31,2812.1,3624562
115,2022-02-28,2996.64,2686673
115,2022-03-31,3008.02,3386628
115,2022-04-30,3116.83,4453501
115,2022-05-31,3291.95,3261912
115,2022-06-30,3831.42,4037646
115,2022-07-31,4508.52,4021606
115,2022-08-31,4361.84,4495159
115,2022-09-30,3292.4,4563759
115,2022-10-31,5705.56,4647457
115,2022-11-30,5781.06,3756239
115,2022-12-31,4481.51,3699238
115,2023-01-31,4228.89,4573046
115,2023-02-28,4093.94,4717366
115,2023-03-31,7436.9,5013024
115,2023-04-30,3215.95,3407504
115,2023-05-31,8604.9,3542243
115,2023-06-30,5438.8,4735171
115,2023-07-31,7393.41,5384403
115,2023-08-31,1819.85,5607093
115,2023-09-30,3574.22,5173221
115,2023-10-31,5798.41,4617327
115,2023-11-30,5417.81,4013718
115,2023-12-31,12012.39,5154023
115,2024-01-31,10323.96,5701382
115,2024-02-29,24044.15,4908780
115,2024-03-31,12817.32,5479121
115,2024-04-30,7300.89,5965414
115,2024-05-31,21192.8,4320244
115,2024-06-30,8746.64,5887996
115,2024-07-31,8796.66,4952141
115,2024-08-31,12595.33,5184783
115,2024-09-30,35989.25,4793688
115,2024-10-31,27209.56,5634577
115,2024-11-30,28554.15,5771548
115,2024-12-31,57228.43,6294427
115,2025-01-31,32184.14,5119051
115,2025-02-28,6855.41,4999971
115,2025-03-31,26348.82,6653409
115,2025-04-30,62822.45,6218599
115,2025-05-31,5859.12,5530533
115,2025-06-30,20239.49,6941979
115,2025-07-31,8891.4,5472252
115,2025-08-31,25154.89,6178013
115,2025-09-30,62115.26,5831115
115,2025-10-31,79582.45,5903510
115,2025-11-30,22169.19,5479099
115,2025-12-31,50078.64,7139266
116,2022-01-31,4696.56,3670221
116,2022-02-28,4744.31,2693902
116,2022-03-31,5679.04,3331106
116,2022-04-30,4413.94,3206225
116,2022-05-31,5502.3,3759933
116,2022-06-30,6663.97,3930115
116,2022-07-31,6672.49,3570551
116,2022-08-31,4362.87,3291825
116,2022-09-30,7813.74,4549684
116,2022-10-31,6357.23,3327206
116,2022-11-30,8077.51,3765606
116,2022-12-31,7164.27,4032332
116,2023-01-31,7307.06,3610023
116,2023-02-28,5594.87,4342408
116,2023-03-31,8636.76,4417882
116,2023-04-30,14586.93,5321090
116,2023-05-31,9199.35,3995863
116,2023-06-30,9733.18,5428738
116,2023-07-31,9001.84,4859005
116,2023-08-31,7439.92,4161202
116,2023-09-30,8574.1,4811546
116,2023-10-31,14778.12,5120983
116,2023-11-30,40536.11,5306169
116,2023-12-31,23102.46,3984616
116,2024-01-31,20913.36,5169036
116,2024-02-29,43106.35,5014877
116,2024-03-31,21846.15,5899429
116,2024-04-30,31835.43,4730954
116,2024-05-31,21326.49,5825982
116,2024-06-30,25738.94,5509839
116,2024-07-31,8993.96,5070047
116,2024-08-31,18154.14,5708337
116,2024-09-30,16152.42,5744331
116,2024-10-31,16205.64,5927773
116,2024-11-30,16163.42,6081549
116,2024-12-31,70223.46,6027751
116,2025-01-31,21578.42,6455758
116,2025-02-28,26481.04,6098531
116,2025-03-31,160296.63,6718538
116,2025-04-30,58277.62,6271859
116,2025-05-31,34251.17,5666739
116,2025-06-30,82647.46,5997968
116,2025-07-31,21618.03,6345165
116,2025-08-31,27564.34,6720432
116,2025-09-30,30313.58,5503427
116,2025-10-31,54032.98,5983077
116,2025-11-30,69145.89,6955265
116,2025-12-31,19950.23,5881280
117,2022-01-31,1617.51,3393815
117,2022-02-28,1724.36,4320930
117,2022-03-31,1722.72,3509351
117,2022-04-30,1834.75,4342068
117,2022-05-31,1748.67,4245735
117,2022-06-30,1719.69,3166177
117,2022-07-31,1842.76,4371313
117,2022-08-31,2518.75,3755325
117,2022-09-30,2592.72,4472053
117,2022-10-31,3571.02,4421891
117,2022-11-30,2635.54,3673650
117,2022-12-31,2777.84,3296255
117,2023-01-31,3132.61,5061398
117,2023-02-28,2270.47,3480076
117,2023-03-31,4104.77,5201259
117,2023-04-30,3747.33,5055987
117,2023-05-31,2570.87,4853835
117,2023-06-30,4176.96,5432734
117,2023-07-31,5072.93,5477084
117,2023-08-31,2426.42,5221416
117,2023-09-30,6473.33,4411238
117,2023-10-31,3699.79,5330748
117,2023-11-30,1174.12,3844669
117,2023-12-31,7656.88,4959672
117,2024-01-31,9732.68,4865795
117,2024-02-29,3097.08,5367079
117,2024-03-31,2383.0,5435800
117,2024-04-30,12059.9,5327686
117,2024-05-31,4464.93,5873096
117,2024-06-30,14110.35,6176293
117,2024-07-31,2363.83,4582097
117,2024-08-31,16960.35,4902745
117,2024-09-30,14914.41,4552598
117,2024-10-31,11376.31,6340714
117,2024-11-30,2159.09,5762507
117,2024-12-31,6899.54,6539899
117,2025-01-31,18782.83,5221818
117,2025-02-28,2821.56,4968469
117,2025-03-31,6939.44,6559441
117,2025-04-30,14540.04,6797953
117,2025-05-31,4524.61,5653254
117,2025-06-30,33158.18,5932913
117,2025-07-31,30450.13,5465571
117,2025-08-31,16017.11,7148236
117,2025-09-30,19894.2,5931890
117,2025-10-31,8959.49,6378105
117,2025-11-30,25597.68,5654688
117,2025-12-31,9176.86,7304518
118,2022-01-31,1613.72,3222287
118,2022-02-28,1669.02,3718923
118,2022-03-31,1936.35,3933927
118,2022-04-30,2053.59,4407042
118,2022-05-31,1787.76,3423043
118,2022-06-30,2404.17,4136775
118,2022-07-31,1949.98,3030979
118,2022-08-31,3008.08,3621398
118,2022-09-30,3120.44,3057120
118,2022-10-31,3783.28,3907466
118,2022-11-30,2805.01,3812452
118,2022-12-31,2597.9,4968959
118,2023-01-31,2698.22,3201044
118,2023-02-28,3374.55,3939622
118,2023-03-31,2393.61,4155024
118,2023-04-30,1587.88,5236816
118,2023-05-31,3105.05,5116302
118,2023-06-30,3765.03,3671558
118,2023-07-31,4761.25,4913905
118,2023-08-31,4759.12,4701172
118,2023-09-30,4546.49,5635373
118,2023-10-31,7327.06,4466732
118,2023-11-30,3222.56,4613111
118,2023-12-31,3652.0,4266145
118,2024-01-31,13984.9,4200543
118,2024-02-29,1078.41,5717489
118,2024-03-31,10178.67,5000553
118,2024-04-30,8154.05,5484103
118,2024-05-31,6344.93,5511671
118,2024-06-30,11078.28,5490001
118,2024-07-31,10669.37,4408120
118,2024-08-31,2982.37,6008690
118,2024-09-30,4160.57,4989686
118,2024-10-31,5927.71,4824092
118,2024-11-30,2008.98,5768848
118,2024-12-31,8881.99,4846608
118,2025-01-31,14663.05,6309398
118,2025-02-28,22693.28,5256349
118,2025-03-31,10959.42,5343633
118,2025-04-30,6109.81,6718569
118,2025-05-31,13578.22,5705993
118,2025-06-30,11242.07,5411430
118,2025-07-31,23801.33,6987079
118,2025-08-31,12707.88,5261384
118,2025-09-30,29519.98,7039973
118,2025-10-31,11567.81,5682232
118,2025-11-30,47834.08,5720288
118,2025-12-31,18868.35,6031308
119,2022-01-31,1762.58,3637115
119,2022-02-28,1848.35,2429511
119,2022-03-31,2048.43,2477367
119,2022-04-30,1871.23,4095063
119,2022-05-31,2140.51,3060653
119,2022-06-30,2568.06,3299780
119,2022-07-31,2558.85,3070425
119,2022-08-31,2101.08,2896427
119,2022-09-30,2778.06,4342513
119,2022-10-31,2134.86,3980943
119,2022-11-30,3019.68,4487550
119,2022-12-31,4163.04,4018408
119,2023-01-31,3260.49,4691645
119,2023-02-28,2477.78,4225038
119,2023-03-31,3342.2,3486366
119,2023-04-30,3932.38,4343383
119,2023-05-31,5522.79,5296233
119,2023-06-30,5901.74,3559579
119,2023-07-31,2880.92,5108999
119,2023-08-31,3980.48,5346203
119,2023-09-30,5534.04,4722591
119,2023-10-31,3849.45,4665469
119,2023-11-30,6481.34,5744884
119,2023-12-31,2933.26,4008178
119,2024-01-31,6510.18,4914187
119,2024-02-29,9992.58,4824657
119,2024-03-31,6517.63,5463313
119,2024-04-30,7309.25,5139104
119,2024-05-31,11100.93,6047663
119,2024-06-30,5687.64,4442691
119,2024-07-31,11101.47,4526986
119,2024-08-31,7941.46,5651696
119,2024-09-30,4776.58,4633913
119,2024-10-31,15921.97,5122276
119,2024-11-30,23542.48,5905845
119,2024-12-31,21577.84,5806100
119,2025-01-31,19397.68,5429454
119,2025-02-28,15662.92,6831290
119,2025-03-31,14893.88,5972844
119,2025-04-30,11128.45,5886609
119,2025-05-31,7456.39,6259727
119,2025-06-30,2441.27,5314678
119,2025-07-31,3758.91,6589576
119,2025-08-31,14708.52,6961298
119,2025-09-30,5040.13,6624994
119,2025-10-31,22993.06,6930782
119,2025-11-30,78370.0,6901984
119,2025-12-31,842.02,5960046
120,2022-01-31,2891.95,2771987
120,2022-02-28,3356.85,3055814
120,2022-03-31,3405.88,3354644
120,2022-04-30,3382.05,3347073
120,2022-05-31,3403.74,2774961
120,2022-06-30,4019.5,3505765
120,2022-07-31,4493.93,4052149
120,2022-08-31,3408.77,3540231
120,2022-09-30,5601.98,3164354
120,2022-10-31,4930.06,4774742
120,2022-11-30,5831.99,3130486
120,2022-12-31,6354.25,4729459
120,2023-01-31,5715.64,3322072
120,2023-02-28,6253.75,3391691
120,2023-03-31,6759.13,4745850
120,2023-04-30,5491.92,4959244
120,2023-05-31,7924.54,4518143
120,2023-06-30,6177.1,4645779
120,2023-07-31,7092.87,4665718
120,2023-08-31,13392.78,4271533
120,2023-09-30,7706.1,3924151
120,2023-10-31,9755.42,4456580
120,2023-11-30,7983.02,5147513
120,2023-12-31,7652.11,5387096
120,2024-01-31,23419.25,5692408
120,2024-02-29,4781.91,5463544
120,2024-03-31,10761.29,6027916
120,2024-04-30,5751.97,5359386
120,2024-05-31,22908.49,4931554
120,2024-06-30,11708.72,5451546
120,2024-07-31,9643.34,4790883
120,2024-08-31,4282.88,5748574
120,2024-09-30,37267.98,4951038
120,2024-10-31,6170.2,4788681
120,2024-11-30,21381.04,6330439
120,2024-12-31,30618.8,5444510
120,2025-01-31,76576.01,6304295
120,2025-02-28,11998.1,5990234
120,2025-03-31,9913.7,6526173
120,2025-04-30,14247.33,6669488
120,2025-05-31,13068.11,6997967
120,2025-06-30,4694.7,6753175
120,2025-07-31,85531.75,6413164
120,2025-08-31,16891.95,6541111
120,2025-09-30,21984.18,5375668
120,2025-10-31,45727.44,7251025
120,2025-11-30,94610.05,7119225
120,2025-12-31,9981.89,6064895
121,2022-01-31,211430.48,3720397
121,2022-02-28,210405.66,2995920
121,2022-03-31,235967.28,3127296
121,2022-04-30,248559.0,2527305
121,2022-05-31,243962.68,4324515
121,2022-06-30,275250.02,3784879
121,2022-07-31,291004.84,3523502
121,2022-08-31,291833.28,3075378
121,2022-09-30,299551.45,4125420
121,2022-10-31,250360.5,2990086
121,2022-11-30,271529.57,4488443
121,2022-12-31,311867.16,3496181
121,2023-01-31,293064.01,3975276
121,2023-02-28,339563.85,3880354
121,2023-03-31,406829.82,4008364
121,2023-04-30,448465.9,4778898
121,2023-05-31,549308.78,4959073
121,2023-06-30,507881.79,4608036
121,2023-07-31,527606.78,3712459
121,2023-08-31,650296.91,3717458
121,2023-09-30,384873.72,3994508
121,2023-10-31,411468.03,4985060
121,2023-11-30,521341.5,5164769
121,2023-12-31,467979.38,4430733
121,2024-01-31,289750.59,5280101
121,2024-02-29,944408.52,4992746
121,2024-03-31,444649.66,4975207
121,2024-04-30,2027047.87,4704900
121,2024-05-31,901837.64,5738148
121,2024-06-30,361904.73,4523344
121,2024-07-31,1342300.64,5225232
121,2024-08-31,972509.44,5001594
121,2024-09-30,1200856.45,5859521
121,2024-10-31,760071.69,5545510
121,2024-11-30,589674.36,5973957
121,2024-12-31,419280.41,4800222
121,2025-01-31,487277.4,5569610
121,2025-02-28,468234.34,6040684
121,2025-03-31,1027339.81,4927104
121,2025-04-30,1353683.57,5582017
121,2025-05-31,433702.47,5471342
121,2025-06-30,3176415.41,5390791
121,2025-07-31,1830147.78,5697056
121,2025-08-31,12501703.43,5911957
121,2025-09-30,1268132.54,5338620
121,2025-10-31,12819320.16,6886884
121,2025-11-30,3845231.76,5811693
121,2025-12-31,335144.52,6290414
122,2022-01-31,3914.58,3315524
122,2022-02-28,4256.79,4044659
122,2022-03-31,3989.5,4060047
122,2022-04-30,4328.16,2659245
122,2022-05-31,4173.73,4308318
122,2022-06-30,6495.93,2736842
122,2022-07-31,6205.04,2759416
122,2022-08-31,5351.4,4633954
122,2022-09-30,7641.35,4583296
122,2022-10-31,7873.76,4080291
122,2022-11-30,8556.81,4143019
122,2022-12-31,6024.33,4484914
122,2023-01-31,6661.99,3970999
122,2023-02-28,5620.38,3428909
122,2023-03-31,7676.67,3309971
122,2023-04-30,6487.83,3985242
122,2023-05-31,6152.57,5008046
122,2023-06-30,13476.33,4709100
122,2023-07-31,12272.84,5206597
122,2023-08-31,7211.28,5451780
122,2023-09-30,15460.19,3855948
122,2023-10-31,12695.81,5438353
122,2023-11-30,10200.69,4303465
122,2023-12-31,25184.47,5064270
122,2024-01-31,14933.56,5004148
122,2024-02-29,32237.3,4812956
122,2024-03-31,19023.44,4711668
122,2024-04-30,21126.06,4837592
122,2024-05-31,8613.4,4894399
122,2024-06-30,11971.36,4631975
122,2024-07-31,40456.28,5386372
122,2024-08-31,36621.95,4663154
122,2024-09-30,15224.77,5522453
122,2024-10-31,8248.64,6384090
122,2024-11-30,62545.78,5338442
122,2024-12-31,45576.18,6164146
122,2025-01-31,10263.83,6416981
122,2025-02-28,10541.14,6472108
122,2025-03-31,97562.83,5384268
122,2025-04-30,18207.38,5272066
122,2025-05-31,19200.21,5443417
122,2025-06-30,17116.9,6321119
122,2025-07-31,41554.29,6706448
122,2025-08-31,9935.62,6566731
122,2025-09-30,41997.49,5677453
122,2025-10-31,10317.29,6938552
122,2025-11-30,10611.32,6448538
122,2025-12-31,11197.37,7038891
123,2022-01-31,4134.26,3212810
123,2022-02-28,4576.96,4226259
123,2022-03-31,4872.02,3576630
123,2022-04-30,4849.46,3785691
123,2022-05-31,4852.82,3833833
123,2022-06-30,6326.46,4380731
123,2022-07-31,6231.97,3976368
123,2022-08-31,4976.81,3093544
123,2022-09-30,6653.42,2995649
123,2022-10-31,6964.41,3813188
123,2022-11-30,8023.11,3601861
123,2022-12-31,13383.89,3615263
123,2023-01-31,6209.87,3247956
123,2023-02-28,9265.12,4213236
123,2023-03-31,12799.84,3889074
123,2023-04-30,14761.67,4239534
123,2023-05-31,9815.07,3519182
123,2023-06-30,6173.92,5136242
123,2023-07-31,5270.84,3696007
123,2023-08-31,14648.22,5340741
123,2023-09-30,12900.72,5390275
123,2023-10-31,12467.6,4979401
123,2023-11-30,14038.32,4830967
123,2023-12-31,20293.3,4811951
123,2024-01-31,17720.04,5064856
123,2024-02-29,17382.29,5605058
123,2024-03-31,11094.48,5882872
123,2024-04-30,27418.54,5058033
123,2024-05-31,12065.88,5847894
123,2024-06-30,30198.46,5599384
123,2024-07-31,14525.32,5008459
123,2024-08-31,27513.52,5386359
123,2024-09-30,60131.98,4804271
123,2024-10-31,32463.59,4695992
123,2024-11-30,56571.18,4846696
123,2024-12-31,18119.09,6507641
123,2025-01-31,26286.82,5465959
123,2025-02-28,19937.56,6270666
123,2025-03-31,7737.74,5920828
123,2025-04-30,63676.03,5324296
123,2025-05-31,46450.93,5544361
123,2025-06-30,46607.92,5991838
123,2025-07-31,89239.32,6064861
123,2025-08-31,13208.58,6301209
123,2025-09-30,10991.02,5640653
123,2025-10-31,111662.94,6138560
123,2025-11-30,37571.52,6026091
123,2025-12-31,51115.35,6347538
124,2022-01-31,2402.09,3510771
124,2022-02-28,2742.25,3956404
124,2022-03-31,2830.28,3742257
124,2022-04-30,2737.25,2646918
124,2022-05-31,3649.66,2773802
124,2022-06-30,2693.25,4008996
124,2022-07-31,3168.82,3290227
124,2022-08-31,4035.82,4239096
124,2022-09-30,4439.61,4172205
124,2022-10-31,2872.73,4741458
124,2022-11-30,3792.59,4742779
124,2022-12-31,5006.02,3732640
124,2023-01-31,6359.16,4301090
124,2023-02-28,6716.17,3481419
124,2023-03-31,5968.79,3967900
124,2023-04-30,5279.56,5271099
124,2023-05-31,5089.3,4802362
124,2023-06-30,6713.31,4256765
124,2023-07-31,9923.65,4732627
124,2023-08-31,5754.57,5488245
124,2023-09-30,5876.32,4298852
124,2023-10-31,11067.69,4502743
124,2023-11-30,11455.96,5400156
124,2023-12-31,6032.95,5512897
124,2024-01-31,4219.19,5296456
124,2024-02-29,3531.48,5679341
124,2024-03-31,9394.12,5568668
124,2024-04-30,5086.6,5529395
124,2024-05-31,15826.79,5281048
124,2024-06-30,3751.69,5587759
124,2024-07-31,27298.89,5212218
124,2024-08-31,9126.93,5158757
124,2024-09-30,7099.67,5227744
124,2024-10-31,8692.61,4932770
124,2024-11-30,7258.94,5068077
124,2024-12-31,37950.75,6604724
124,2025-01-31,22907.48,5751625
124,2025-02-28,16118.28,5295121
124,2025-03-31,6390.06,5186861
124,2025-04-30,15887.57,5133508
124,2025-05-31,9487.8,6737730
124,2025-06-30,2108.02,5318603
124,2025-07-31,10826.37,6727766
124,2025-08-31,33348.22,6925952
124,2025-09-30,14653.73,7090525
124,2025-10-31,19550.94,5468351
124,2025-11-30,58665.18,6133832
124,2025-12-31,53489.67,7062615
125,2022-01-31,1660.18,3068439
125,2022-02-28,1542.94,2702445
125,2022-03-31,1680.88,4110336
125,2022-04-30,1984.22,4057290
125,2022-05-31,2026.55,4202877
125,2022-06-30,2065.9,2983316
125,2022-07-31,1977.61,3597280
125,2022-08-31,2330.82,3613346
125,2022-09-30,2433.87,4211802
125,2022-10-31,1733.66,3403833
125,2022-11-30,2725.98,3884617
125,2022-12-31,2430.71,3635771
125,2023-01-31,3533.72,4632684
125,2023-02-28,3307.32,4096418
125,2023-03-31,5484.86,4336281
125,2023-04-30,3327.05,3954642
125,2023-05-31,2444.4,5022649
125,2023-06-30,1530.43,4410880
125,2023-07-31,2734.21,5212772
125,2023-08-31,4666.97,4347923
125,2023-09-30,5461.35,5573949
125,2023-10-31,3454.81,5718264
125,2023-11-30,3874.54,4740192
125,2023-12-31,5075.28,4450071
125,2024-01-31,6181.41,4719968
125,2024-02-29,8938.34,5076342
125,2024-03-31,4199.29,6023655
125,2024-04-30,4009.61,5792348
125,2024-05-31,18799.11,5830780
125,2024-06-30,17943.65,4572506
125,2024-07-31,5051.89,4865412
125,2024-08-31,14464.36,5717459
125,2024-09-30,29637.81,6250782
125,2024-10-31,18591.39,5681326
125,2024-11-30,5036.87,4844871
125,2024-12-31,9485.01,6401172
125,2025-01-31,2640.65,6481416
125,2025-02-28,4809.33,5412160
125,2025-03-31,10103.84,6437964
125,2025-04-30,12681.67,5524760
125,2025-05-31,6534.32,6859486
125,2025-06-30,1233.1,5411018
125,2025-07-31,14551.44,6060962
125,2025-08-31,23910.51,7148539
125,2025-09-30,26283.89,5767236
125,2025-10-31,12002.26,6295112
125,2025-11-30,13375.8,6159474
125,2025-12-31,19850.8,5583340
126,2022-01-31,1283.6,3319014
126,2022-02-28,1332.61,2849507
126,2022-03-31,1225.96,4436697
126,2022-04-30,1637.76,3264919
126,2022-05-31,1480.9,2641165
126,2022-06-30,1411.04,4513889
126,2022-07-31,1619.49,4400286
126,2022-08-31,1822.92,4091550
126,2022-09-30,1694.19,4441838
126,2022-10-31,1781.8,3203971
126,2022-11-30,1937.85,3569979
126,2022-12-31,2365.57,4725439
126,2023-01-31,1873.91,4527755
126,2023-02-28,2627.09,3476148
126,2023-03-31,1691.02,4679331
126,2023-04-30,4824.42,4232909
126,2023-05-31,3920.74,3415904
126,2023-06-30,2656.27,3631301
126,2023-07-31,3458.71,4054393
126,2023-08-31,2052.13,5282167
126,2023-09-30,4225.96,4777297
126,2023-10-31,5042.73,5203854
126,2023-11-30,4185.7,4872375
126,2023-12-31,5888.8,4108901
126,2024-01-31,4094.01,4532426
126,2024-02-29,4101.72,4623725
126,2024-03-31,3218.59,4186617
126,2024-04-30,6386.38,4998217
126,2024-05-31,3133.7,5816060
126,2024-06-30,6637.07,5209937
126,2024-07-31,6580.73,4587121
126,2024-08-31,12978.37,6245395
126,2024-09-30,8740.3,5696027
126,2024-10-31,2003.26,4605115
126,2024-11-30,4287.1,5670443
126,2024-12-31,4365.11,5193264
126,2025-01-31,4388.21,5066237
126,2025-02-28,15493.46,5700512
126,2025-03-31,1527.78,6141349
126,2025-04-30,24917.27,5460306
126,2025-05-31,19414.13,5882009
126,2025-06-30,10920.56,6445064
126,2025-07-31,13146.56,5357245
126,2025-08-31,11053.06,7205022
126,2025-09-30,12483.4,5458519
126,2025-10-31,30384.14,6444975
126,2025-11-30,9831.2,6474959
126,2025-12-31,21776.13,7506662
127,2022-01-31,3321.39,3095907
127,2022-02-28,3618.62,3318221
127,2022-03-31,3665.89,3718988
127,2022-04-30,4038.87,4477173
127,2022-05-31,3778.22,3092090
127,2022-06-30,4536.67,2684722
127,2022-07-31,4497.94,4298973
127,2022-08-31,6011.16,3481234
127,2022-09-30,5215.95,4324958
127,2022-10-31,5753.1,4185286
127,2022-11-30,5013.42,4539223
127,2022-12-31,6202.38,4536290
127,2023-01-31,6817.18,3800649
127,2023-02-28,5792.74,3287234
127,2023-03-31,5907.21,4360286
127,2023-04-30,5480.71,4962724
127,2023-05-31,7193.06,3755580
127,2023-06-30,6179.3,5031134
127,2023-07-31,9032.38,4471791
127,2023-08-31,6301.16,5003019
127,2023-09-30,8532.37,4943160
127,2023-10-31,6307.77,5372379
127,2023-11-30,16223.61,3943033
127,2023-12-31,10492.37,5438908
127,2024-01-31,10975.47,4871582
127,2024-02-29,15334.67,4608308
127,2024-03-31,29475.17,4178731
127,2024-04-30,13166.42,4557506
127,2024-05-31,5741.86,4312074
127,2024-06-30,27110.83,6162451
127,2024-07-31,6480.63,5396172
127,2024-08-31,11308.8,6413346
127,2024-09-30,33770.92,5588610
127,2024-10-31,13590.9,5078872
127,2024-11-30,12089.96,6146274
127,2024-12-31,22581.95,5091594
127,2025-01-31,19695.48,5493032
127,2025-02-28,12393.01,6403718
127,2025-03-31,41168.94,6643327
127,2025-04-30,57097.49,5643027
127,2025-05-31,69306.96,5297824
127,2025-06-30,38730.19,5852360
127,2025-07-31,14705.61,6964990
127,2025-08-31,9490.29,6742328
127,2025-09-30,3791.75,7112435
127,2025-10-31,74372.7,6166146
127,2025-11-30,37914.31,7407751
127,2025-12-31,22776.07,6522406
128,2022-01-31,3023.98,4163620
128,2022-02-28,3149.67,3416502
128,2022-03-31,3123.81,4049943
128,2022-04-30,4050.51,3969257
128,2022-05-31,4052.91,2742644
128,2022-06-30,3444.94,3857144
128,2022-07-31,5214.9,4366616
128,2022-08-31,3954.37,3882578
128,2022-09-30,4923.87,3501499
128,2022-10-31,5206.76,3088910
128,2022-11-30,5014.35,4318058
128,2022-12-31,5009.36,3678907
128,2023-01-31,5685.91,4340855
128,2023-02-28,5493.17,4050795
128,2023-03-31,6673.6,4647788
128,2023-04-30,7125.76,4038800
128,2023-05-31,5778.45,3490112
128,2023-06-30,10456.17,5212924
128,2023-07-31,5567.52,4247664
128,2023-08-31,9200.03,5608542
128,2023-09-30,7269.64,4228799
128,2023-10-31,6058.68,5709439
128,2023-11-30,8130.49,5712640
128,2023-12-31,7115.38,4036610
128,2024-01-31,13829.29,5231248
128,2024-02-29,10145.0,4748045
128,2024-03-31,22371.39,5693310
128,2024-04-30,7024.16,5517387
128,2024-05-31,3562.95,6133841
128,2024-06-30,16179.45,4581268
128,2024-07-31,36916.03,5580551
128,2024-08-31,19166.12,5997725
128,2024-09-30,8228.7,4572146
128,2024-10-31,8045.95,4706711
128,2024-11-30,62060.53,6196723
128,2024-12-31,13338.57,5442045
128,2025-01-31,8831.01,5544792
128,2025-02-28,44761.33,5976524
128,2025-03-31,17968.03,6121920
128,2025-04-30,4356.4,6337302
128,2025-05-31,108951.83,6946521
128,2025-06-30,36945.13,5860348
128,2025-07-31,6937.73,6712186
128,2025-08-31,81174.26,6403556
128,2025-09-30,10844.25,6382080
128,2025-10-31,10574.2,6188924
128,2025-11-30,13240.23,6759425
128,2025-12-31,177421.21,6029223
129,2022-01-31,1585.96,3786349
129,2022-02-28,1569.53,3376038
129,2022-03-31,1852.36,3221621
129,2022-04-30,1478.73,3638439
129,2022-05-31,2022.7,3108343
129,2022-06-30,2272.39,3172817
129,2022-07-31,2493.63,3614479
129,2022-08-31,2173.21,4784359
129,2022-09-30,2483.85,3430230
129,2022-10-31,2063.79,4761730
129,2022-11-30,2499.61,3978620
129,2022-12-31,2514.48,3311190
129,2023-01-31,2594.6,4841264
129,2023-02-28,3882.93,4102648
129,2023-03-31,3213.36,5065616
129,2023-04-30,5273.47,4225928
129,2023-05-31,3610.04,3580983
129,2023-06-30,7304.21,4836708
129,2023-07-31,5698.55,5233587
129,2023-08-31,3731.78,4251416
129,2023-09-30,4342.69,4374539
129,2023-10-31,2982.37,3879262
129,2023-11-30,4789.52,4901174
129,2023-12-31,2979.43,5669191
129,2024-01-31,9203.16,5658947
129,2024-02-29,4357.92,5445041
129,2024-03-31,6513.0,5945767
129,2024-04-30,1642.77,5433966
129,2024-05-31,5161.14,5815655
129,2024-06-30,5077.14,5313221
129,2024-07-31,11310.61,4608130
129,2024-08-31,9510.13,4837062
129,2024-09-30,13711.06,4780302
129,2024-10-31,10160.51,6152990
129,2024-11-30,18042.62,4692260
129,2024-12-31,11210.88,5817430
129,2025-01-31,3308.71,5516906
129,2025-02-28,8695.25,6449358
129,2025-03-31,9470.25,6015024
129,2025-04-30,784.5,6203075
129,2025-05-31,4820.71,5221305
129,2025-06-30,56024.63,5734903
129,2025-07-31,9456.43,7185207
129,2025-08-31,11388.07,6693452
129,2025-09-30,1940.1,6374552
129,2025-10-31,4148.23,6931185
129,2025-11-30,22174.02,7106982
129,2025-12-31,9868.03,5677501
130,2022-01-31,5025.56,3599677
130,2022-02-28,5660.42,3277900
130,2022-03-31,5436.47,3807864
130,2022-04-30,5375.69,3204123
130,2022-05-31,6264.49,4340710
130,2022-06-30,5965.34,4212763
130,2022-07-31,6165.31,4001521
130,2022-08-31,7157.05,3155555
130,2022-09-30,6788.28,4791606
130,2022-10-31,5768.07,3794009
130,2022-11-30,9395.21,4817644
130,2022-12-31,10685.49,3176741
130,2023-01-31,8663.91,3383934
130,2023-02-28,11410.85,3504593
130,2023-03-31,9144.69,3597572
130,2023-04-30,5899.12,3981027
130,2023-05-31,14944.55,4824066
130,2023-06-30,11373.41,4164895
130,2023-07-31,13048.53,5424353
130,2023-08-31,12457.85,5402093
130,2023-09-30,12666.13,5371556
130,2023-10-31,15179.15,4250595
130,2023-11-30,16115.63,5086946
130,2023-12-31,27905.7,4988210
130,2024-01-31,20381.44,4206564
130,2024-02-29,30934.53,4627072
130,2024-03-31,39195.53,5158074
130,2024-04-30,8007.26,5163712
130,2024-05-31,40398.06,4565534
130,2024-06-30,30621.28,6178923
130,2024-07-31,29566.73,4673794
130,2024-08-31,42348.37,5752567
130,2024-09-30,20703.51,5943814
130,2024-10-31,37863.32,5782522
130,2024-11-30,13228.39,6324752
130,2024-12-31,10612.32,5836624
130,2025-01-31,43170.54,6429556
130,2025-02-28,29689.87,4898781
130,2025-03-31,32712.19,5002654
130,2025-04-30,18658.57,6262085
130,2025-05-31,49001.4,6202416
130,2025-06-30,26945.51,6418581
130,2025-07-31,38356.27,6719935
130,2025-08-31,27773.19,6088886
130,2025-09-30,21974.13,6601143
130,2025-10-31,38463.11,6388932
130,2025-11-30,138352.73,6714632
130,2025-12-31,32938.36,6109343
131,2022-01-31,209493.51,3280889
131,2022-02-28,218278.74,3987327
131,2022-03-31,223197.92,3817628
131,2022-04-30,266681.45,3109962
131,2022-05-31,223827.3,2730736
131,2022-06-30,265414.6,2772063
131,2022-07-31,251254.7,3601144
131,2022-08-31,322018.77,3760131
131,2022-09-30,317461.39,3267122
131,2022-10-31,407042.68,4142093
131,2022-11-30,398556.46,3621385
131,2022-12-31,365927.75,4502641
131,2023-01-31,452871.73,4604011
131,2023-02-28,493979.0,4920117
131,2023-03-31,319629.65,5219006
131,2023-04-30,551622.15,3597238
131,2023-05-31,504584.41,4146482
131,2023-06-30,568829.67,4596152
131,2023-07-31,435831.3,4180777
131,2023-08-31,382212.35,4545186
131,2023-09-30,366902.41,4214632
131,2023-10-31,133620.29,4245222
131,2023-11-30,449265.87,4010455
131,2023-12-31,1918387.23,4466951
131,2024-01-31,998906.13,4724523
131,2024-02-29,832221.91,5252177
131,2024-03-31,1218567.77,4587659
131,2024-04-30,682262.49,5889181
131,2024-05-31,662443.05,4547661
131,2024-06-30,731950.9,4950581
131,2024-07-31,585898.51,5520779
131,2024-08-31,638201.86,5060531
131,2024-09-30,990743.26,6028791
131,2024-10-31,1095433.02,5568775
131,2024-11-30,2641569.47,5669141
131,2024-12-31,2322989.65,5706907
131,2025-01-31,420522.48,5396164
131,2025-02-28,1031341.41,4888387
131,2025-03-31,584668.11,6802196
131,2025-04-30,183380.83,5990067
131,2025-05-31,1582551.59,6982247
131,2025-06-30,2457159.64,5546610
131,2025-07-31,1727927.11,5891807
131,2025-08-31,2464484.67,5356794
131,2025-09-30,1347548.65,6312949
131,2025-10-31,759938.76,7157535
131,2025-11-30,1424731.23,6768824
131,2025-12-31,7155748.52,6471173
132,2022-01-31,3327.68,4009344
132,2022-02-28,3271.23,3239806
132,2022-03-31,3669.91,4212558
132,2022-04-30,4209.85,3970110
132,2022-05-31,4315.93,4112503
132,2022-06-30,4876.39,3384112
132,2022-07-31,3620.33,3523096
132,2022-08-31,4739.06,3932192
132,2022-09-30,4597.83,3248387
132,2022-10-31,5737.17,4035218
132,2022-11-30,4498.31,3143283
132,2022-12-31,4628.03,4074427
132,2023-01-31,5929.18,4664420
132,2023-02-28,4862.01,3758004
132,2023-03-31,7043.93,5246440
132,2023-04-30,3644.32,4696503
132,2023-05-31,10509.95,3643024
132,2023-06-30,2838.88,5423015
132,2023-07-31,11001.39,4330352
132,2023-08-31,6683.52,5202035
132,2023-09-30,4869.53,4357859
132,2023-10-31,9883.61,5627281
132,2023-11-30,14200.76,5326762
132,2023-12-31,17135.98,4284643
132,2024-01-31,18111.58,4974468
132,2024-02-29,7288.32,5021578
132,2024-03-31,13050.87,4181725
132,2024-04-30,4701.02,4432639
132,2024-05-31,13532.0,4894343
132,2024-06-30,16488.46,5243198
132,2024-07-31,11433.71,5279382
132,2024-08-31,4800.58,5647622
132,2024-09-30,10816.2,5533560
132,2024-10-31,55620.13,5228176
132,2024-11-30,22505.14,5865828
132,2024-12-31,13051.82,5034392
132,2025-01-31,17103.14,6760315
132,2025-02-28,26516.68,6320673
132,2025-03-31,6560.2,5510199
132,2025-04-30,6963.26,5651925
132,2025-05-31,13036.79,6705452
132,2025-06-30,16191.94,6181001
132,2025-07-31,108759.9,6603497
132,2025-08-31,28568.85,5855294
132,2025-09-30,18113.78,6954658
132,2025-10-31,31193.75,6129572
132,2025-11-30,4908.2,6807916
132,2025-12-31,14217.96,7489796
133,2022-01-31,3451.63,3908509
133,2022-02-28,3535.08,3828599
133,2022-03-31,4139.24,3823734
133,2022-04-30,4261.21,2568388
133,2022-05-31,3787.58,3533970
133,2022-06-30,3859.74,4586379
133,2022-07-31,3958.94,4287741
133,2022-08-31,4788.57,4343953
133,2022-09-30,5353.6,4014345
133,2022-10-31,5878.3,4371572
133,2022-11-30,4601.97,4163266
133,2022-12-31,5749.19,3406940
133,2023-01-31,6201.82,4393662
133,2023-02-28,9052.83,4438034
133,2023-03-31,8635.27,4950592
133,2023-04-30,4671.84,3631257
133,2023-05-31,4106.85,4766855
133,2023-06-30,7725.58,3535990
133,2023-07-31,6681.89,5438955
133,2023-08-31,6115.03,3832032
133,2023-09-30,6849.99,3717563
133,2023-10-31,12420.21,4376769
133,2023-11-30,5249.97,4119694
133,2023-12-31,24675.27,5267528
133,2024-01-31,8005.54,4776978
133,2024-02-29,16189.17,5571367
133,2024-03-31,8806.24,5932160
133,2024-04-30,5748.03,5904201
133,2024-05-31,12661.92,5699936
133,2024-06-30,6978.56,4420272
133,2024-07-31,16504.74,4641570
133,2024-08-31,15647.93,4849784
133,2024-09-30,10750.62,5152648
133,2024-10-31,19321.38,5896698
133,2024-11-30,36520.28,5690646
133,2024-12-31,17910.58,5336893
133,2025-01-31,12092.58,5125448
133,2025-02-28,28412.39,6666283
133,2025-03-31,30996.81,5596384
133,2025-04-30,18884.9,5687752
133,2025-05-31,71068.04,6592853
133,2025-06-30,20354.12,6558170
133,2025-07-31,90390.26,6472635
133,2025-08-31,16428.33,6642339
133,2025-09-30,61746.03,6543313
133,2025-10-31,25939.76,5777384
133,2025-11-30,41986.7,5953342
133,2025-12-31,5244.23,6646173
134,2022-01-31,2076.83,4260821
134,2022-02-28,2119.52,2973180
134,2022-03-31,2329.12,3025655
134,2022-04-30,2075.84,2929649
134,2022-05-31,2464.13,3994766
134,2022-06-30,2493.72,3286319
134,2022-07-31,2317.88,3419539
134,2022-08-31,3405.49,4659030
134,2022-09-30,3021.42,4449887
134,2022-10-31,3062.26,3475687
134,2022-11-30,3700.22,3239968
134,2022-12-31,2801.32,4419160
134,2023-01-31,3727.45,3895000
134,2023-02-28,3852.28,5158884
134,2023-03-31,4102.93,4905013
134,2023-04-30,5653.5,5244924
134,2023-05-31,3792.4,5014633
134,2023-06-30,3808.25,4053754
134,2023-07-31,3837.93,4117806
134,2023-08-31,3919.6,5040523
134,2023-09-30,8186.9,4372415
134,2023-10-31,5394.15,4634136
134,2023-11-30,9093.18,4329720
134,2023-12-31,6931.77,4844686
134,2024-01-31,4227.35,4360359
134,2024-02-29,3167.34,5098578
134,2024-03-31,3325.53,5957166
134,2024-04-30,4611.24,5550909
134,2024-05-31,13658.51,4502808
134,2024-06-30,17107.71,5527063
134,2024-07-31,9105.76,5539066
134,2024-08-31,15845.8,4920017
134,2024-09-30,6692.2,5842216
134,2024-10-31,6628.61,5634327
134,2024-11-30,17450.05,5915581
134,2024-12-31,12327.72,4814370
134,2025-01-31,19301.13,5605686
134,2025-02-28,12586.95,6276751
134,2025-03-31,9626.76,5112820
134,2025-04-30,11341.47,6520710
134,2025-05-31,17834.35,5059237
134,2025-06-30,17853.75,6217026
134,2025-07-31,7166.49,7044216
134,2025-08-31,14676.16,6069528
134,2025-09-30,4547.37,7193225
134,2025-10-31,13184.07,7149655
134,2025-11-30,8191.52,6415201
134,2025-12-31,1121.49,5928911
135,2022-01-31,5313.06,2957335
135,2022-02-28,5197.02,3669746
135,2022-03-31,5324.07,4263520
135,2022-04-30,6666.42,2694015
135,2022-05-31,5535.66,3733056
135,2022-06-30,5499.6,3722542
135,2022-07-31,6647.45,4168168
135,2022-08-31,6650.44,4664968
135,2022-09-30,6746.2,4685536
135,2022-10-31,6631.14,3278902
135,2022-11-30,7982.49,4760710
135,2022-12-31,12603.44,3417493
135,2023-01-31,6106.45,4974881
135,2023-02-28,12008.22,5192906
135,2023-03-31,15547.74,4062247
135,2023-04-30,8747.77,4326474
135,2023-05-31,12566.35,5278619
135,2023-06-30,11206.6,5397112
135,2023-07-31,6517.71,5394624
135,2023-08-31,20389.38,5365727
135,2023-09-30,13719.54,3698223
135,2023-10-31,11405.77,4885308
135,2023-11-30,7582.4,4031433
135,2023-12-31,19847.17,5852515
135,2024-01-31,17676.41,4525347
135,2024-02-29,23265.89,5999622
135,2024-03-31,24083.91,5177719
135,2024-04-30,12294.7,5146391
135,2024-05-31,2833.83,6105383
135,2024-06-30,19706.74,5997829
135,2024-07-31,19842.82,5301447
135,2024-08-31,25562.45,4820724
135,2024-09-30,62226.58,4727842
135,2024-10-31,24715.68,4897233
135,2024-11-30,42372.54,5557521
135,2024-12-31,36388.17,5223917
135,2025-01-31,10982.66,5151482
135,2025-02-28,12045.1,6315270
135,2025-03-31,75992.11,6493266
135,2025-04-30,17391.91,6114740
135,2025-05-31,47838.43,6563439
135,2025-06-30,16478.9,5467311
135,2025-07-31,72615.79,6898310
135,2025-08-31,51100.21,7049798
135,2025-09-30,33773.7,6977140
135,2025-10-31,81848.5,6423417
135,2025-11-30,60654.95,5633779
135,2025-12-31,25974.89,6868511
136,2022-01-31,1826.5,2596223
136,2022-02-28,1966.57,3025154
136,2022-03-31,2143.39,2943741
136,2022-04-30,2093.26,3036664
136,2022-05-31,2623.84,3055832
136,2022-06-30,2139.19,4159751
136,2022-07-31,1982.17,4630003
136,2022-08-31,2066.26,3395521
136,2022-09-30,2693.35,4304841
136,2022-10-31,2839.35,2951644
136,2022-11-30,3053.72,4303587
136,2022-12-31,2678.31,4451453
136,2023-01-31,5626.13,3259860
136,2023-02-28,5122.64,3435012
136,2023-03-31,2597.84,3881871
136,2023-04-30,3680.06,4146539
136,2023-05-31,4050.2,4410443
136,2023-06-30,5286.5,5263086
136,2023-07-31,2510.83,4949659
136,2023-08-31,2375.69,4234197
136,2023-09-30,2958.44,3914520
136,2023-10-31,9470.66,5581645
136,2023-11-30,4002.54,4406907
136,2023-12-31,8094.15,5115778
136,2024-01-31,7783.23,4394480
136,2024-02-29,5656.4,4288560
136,2024-03-31,9903.98,4397490
136,2024-04-30,3515.05,5654036
136,2024-05-31,5510.8,5439740
136,2024-06-30,2060.35,5127401
136,2024-07-31,8360.37,5463874
136,2024-08-31,5093.92,5376757
136,2024-09-30,33516.85,5577584
136,2024-10-31,9489.93,5900433
136,2024-11-30,16495.04,5076515
136,2024-12-31,15716.52,5204318
136,2025-01-31,10012.69,6288563
136,2025-02-28,22619.0,6588305
136,2025-03-31,11950.32,5075471
136,2025-04-30,17561.52,5872674
136,2025-05-31,77875.04,6456406
136,2025-06-30,15738.33,5272527
136,2025-07-31,9178.72,6314354
136,2025-08-31,8189.86,5379229
136,2025-09-30,14551.3,6418459
136,2025-10-31,18179.41,6403830
136,2025-11-30,18164.04,6605707
136,2025-12-31,4164.83,5829704
137,2022-01-31,2323.41,3355683
137,2022-02-28,2456.28,2610431
137,2022-03-31,2685.96,2858449
137,2022-04-30,2824.38,3681389
137,2022-05-31,3081.36,2766673
137,2022-06-30,3229.74,3672988
137,2022-07-31,3043.25,4339317
137,2022-08-31,2919.97,3698493
137,2022-09-30,3920.87,3885572
137,2022-10-31,3932.19,3842369
137,2022-11-30,3137.85,3111693
137,2022-12-31,4786.32,3990672
137,2023-01-31,5514.8,4749442
137,2023-02-28,5642.55,4645123
137,2023-03-31,6316.92,4060156
137,2023-04-30,4009.04,4968612
137,2023-05-31,6968.19,4897011
137,2023-06-30,5271.64,4629472
137,2023-07-31,12077.11,3633125
137,2023-08-31,8600.94,4301298
137,2023-09-30,7644.38,3807208
137,2023-10-31,13727.33,5737631
137,2023-11-30,5683.73,5685997
137,2023-12-31,9580.32,4024566
137,2024-01-31,22211.08,5823774
137,2024-02-29,12261.89,4084892
137,2024-03-31,9331.76,4908852
137,2024-04-30,7847.29,5696510
137,2024-05-31,5547.69,5759917
137,2024-06-30,8466.38,6252376
137,2024-07-31,6446.27,5657167
137,2024-08-31,9573.27,5275825
137,2024-09-30,10794.71,6488262
137,2024-10-31,22909.68,5337203
137,2024-11-30,9703.59,6378932
137,2024-12-31,8875.56,6522922
137,2025-01-31,26143.93,5530374
137,2025-02-28,24368.74,6207495
137,2025-03-31,12934.07,6235315
137,2025-04-30,25665.64,6057778
137,2025-05-31,13923.35,6355942
137,2025-06-30,15128.92,5811861
137,2025-07-31,66056.83,5542964
137,2025-08-31,17626.76,6330230
137,2025-09-30,14653.18,6380845
137,2025-10-31,22160.86,6848572
137,2025-11-30,3812.24,5905684
137,2025-12-31,20623.74,5536946
138,2022-01-31,1151.05,2911725
138,2022-02-28,1295.26,3724950
138,2022-03-31,1269.58,3536537
138,2022-04-30,1370.85,3578961
138,2022-05-31,1438.9,4231511
138,2022-06-30,1884.39,3147261
138,2022-07-31,1752.43,3414253
138,2022-08-31,1288.07,3342928
138,2022-09-30,2084.31,4733897
138,2022-10-31,1481.89,4378820
138,2022-11-30,1625.67,3221909
138,2022-12-31,1450.2,4684872
138,2023-01-31,3205.61,3974093
138,2023-02-28,2953.35,4730669
138,2023-03-31,3210.58,5035771
138,2023-04-30,3255.38,3366997
138,2023-05-31,3122.66,3817565
138,2023-06-30,2352.13,3674643
138,2023-07-31,2969.75,3609698
138,2023-08-31,2375.41,4807811
138,2023-09-30,2156.12,5086261
138,2023-10-31,2436.06,3846737
138,2023-11-30,9189.96,5297914
138,2023-12-31,2952.34,4691058
138,2024-01-31,5923.16,4424902
138,2024-02-29,10638.19,4455961
138,2024-03-31,6067.37,5818579
138,2024-04-30,2800.23,4271454
138,2024-05-31,2980.78,5236053
138,2024-06-30,5045.95,4874236
138,2024-07-31,18251.81,5996978
138,2024-08-31,12236.88,5898136
138,2024-09-30,7634.88,5140356
138,2024-10-31,5019.96,5768080
138,2024-11-30,7742.7,5984756
138,2024-12-31,7192.37,5350718
138,2025-01-31,7545.56,5382612
138,2025-02-28,3677.0,5128555
138,2025-03-31,3742.96,6232155
138,2025-04-30,9859.01,5421263
138,2025-05-31,3227.33,5649876
138,2025-06-30,5119.92,5238236
138,2025-07-31,9109.26,7083057
138,2025-08-31,12307.09,7015141
138,2025-09-30,25252.73,7146316
138,2025-10-31,3387.74,6644842
138,2025-11-30,3481.95,6314705
138,2025-12-31,36917.91,6521241
139,2022-01-31,5297.55,4198172
139,2022-02-28,5178.03,3720636
139,2022-03-31,5390.83,4019256
139,2022-04-30,6193.7,3152563
139,2022-05-31,6268.96,3417439
139,2022-06-30,6594.37,2950672
139,2022-07-31,6194.65,3474853
139,2022-08-31,8054.77,4300461
139,2022-09-30,7281.84,3806114
139,2022-10-31,7563.63,4627454
139,2022-11-30,6580.43,3597693
139,2022-12-31,10506.89,4481069
139,2023-01-31,8427.52,4747164
139,2023-02-28,9564.3,5028045
139,2023-03-31,14225.27,4393030
139,2023-04-30,7732.27,5271278
139,2023-05-31,10895.65,4519975
139,2023-06-30,6840.99,3741035
139,2023-07-31,10212.11,4028262
139,2023-08-31,21065.77,4018914
139,2023-09-30,7285.03,4973100
139,2023-10-31,15783.18,5593836
139,2023-11-30,29999.58,5511098
139,2023-12-31,20237.58,4071455
139,2024-01-31,12518.61,5405393
139,2024-02-29,9965.01,4402386
139,2024-03-31,6641.16,4628042
139,2024-04-30,43563.9,5505910
139,2024-05-31,15934.89,5434106
139,2024-06-30,7410.78,6042950
139,2024-07-31,12068.53,4741732
139,2024-08-31,11993.2,5958494
139,2024-09-30,17892.91,5951159
139,2024-10-31,116568.62,5689945
139,2024-11-30,49631.41,5598480
139,2024-12-31,39410.82,6448335
139,2025-01-31,68491.41,5445012
139,2025-02-28,115094.85,6756074
139,2025-03-31,48434.02,4942398
139,2025-04-30,101685.14,6853497
139,2025-05-31,21844.16,6973029
139,2025-06-30,18921.31,5350954
139,2025-07-31,16973.58,7185161
139,2025-08-31,53488.01,6213555
139,2025-09-30,4349.14,5808347
139,2025-10-31,145134.18,6601659
139,2025-11-30,31066.1,5869330
139,2025-12-31,107611.67,7360252
